"Longitude","Latitude","Parameter.Name","level"
-157.871171,21.303382,"ozone",0.026346
-158.088613,21.323745,"ozone",0.032224
-80.326811,25.586384,"ozone",0.033754
-80.161806,25.733378,"ozone",0.034725
-97.493836,25.892503,"ozone",0.032098
-80.33845,26.073536,"ozone",0.030966
-80.111,26.087,"ozone",0.031794
-97.712681,26.200256,"ozone",0.036021
-98.29107,26.226226,"ozone",0.030703
-81.711,26.27,"ozone",0.033218
-80.09647,26.292025,"ozone",0.030328
-81.939444,26.448889,"ozone",0.034758
-81.98,26.547861,"ozone",0.035824
-80.060867,26.59123,"ozone",0.034965
-80.233889,26.730833,"ozone",0.036413
-82.362583,27.089194,"ozone",0.036674
-81.340556,27.188889,"ozone",0.033675
-82.570556,27.306944,"ozone",0.039453
-82.48,27.350278,"ozone",0.036381
-82.522222,27.449444,"ozone",0.035421
-82.618889,27.480556,"ozone",0.035796
-99.52029,27.511267,"ozone",0.033327
-82.546111,27.632778,"ozone",0.032117
-82.465146,27.740033,"ozone",0.039897
-97.434247,27.765335,"ozone",0.035259
-82.739875,27.785866,"ozone",0.039053
-97.555395,27.832408,"ozone",0.034114
-80.4554,27.8492,"ozone",0.038971
-82.538611,27.892222,"ozone",0.039718
-82.454722,27.928056,"ozone",0.039259
-82.000278,27.939444,"ozone",0.036759
-82.731944,27.946389,"ozone",0.03909
-82.2304,27.96565,"ozone",0.041825
-81.972222,28.028889,"ozone",0.036119
-80.628611,28.053611,"ozone",0.037012
-82.700833,28.09,"ozone",0.035946
-82.758056,28.195,"ozone",0.039614
-80.615556,28.310556,"ozone",0.03746
-82.305833,28.331944,"ozone",0.037603
-81.636667,28.347222,"ozone",0.038811
-81.381389,28.454167,"ozone",0.037583
-81.723333,28.525,"ozone",0.036875
-81.3625,28.596389,"ozone",0.037481
-81.310556,28.746111,"ozone",0.037598
-97.005534,28.836165,"ozone",0.033018
-95.472946,29.043759,"ozone",0.034102
-80.993889,29.108889,"ozone",0.035159
-82.100833,29.170278,"ozone",0.037224
-82.173333,29.1925,"ozone",0.034237
-81.0525,29.206667,"ozone",0.036889
-94.861289,29.254474,"ozone",0.036023
-98.311692,29.275381,"ozone",0.040829
-103.16782,29.3025,"ozone",0.045864
-81.276833,29.489083,"ozone",0.036602
-98.620166,29.51509,"ozone",0.045352
-95.392509,29.520443,"ozone",0.03809
-82.296111,29.544722,"ozone",0.034716
-95.015544,29.583047,"ozone",0.035812
-95.473611,29.623611,"ozone",0.036517
-95.2675,29.625833,"ozone",0.034865
-98.564936,29.632058,"ozone",0.048916
-95.128508,29.670025,"ozone",0.035296
-95.294722,29.686389,"ozone",0.035482
-95.499262,29.695744,"ozone",0.036754
-95.503611,29.724722,"ozone",0.036287
-93.894,29.728,"ozone",0.036158
-95.257593,29.733726,"ozone",0.032232
-95.350278,29.752778,"ozone",0.033509
-95.081386,29.761653,"ozone",0.03257
-90.765183,29.763889,"ozone",0.037158
-95.220587,29.767971,"ozone",0.035776
-95.125495,29.802707,"ozone",0.033731
-94.983786,29.823319,"ozone",0.037357
-95.284096,29.828086,"ozone",0.034663
-95.489167,29.834722,"ozone",0.037346
-94.3178,29.863953,"ozone",0.037501
-93.955,29.865,"ozone",0.031401
-93.9911,29.8975,"ozone",0.035611
-95.326125,29.901037,"ozone",0.036319
-89.92388,29.93961,"ozone",0.03927
-94.000556,29.9425,"ozone",0.034582
-94.010872,29.978924,"ozone",0.037734
-90.410556,29.984167,"ozone",0.034293
-90.82,29.994444,"ozone",0.035936
-90.102778,29.994444,"ozone",0.03651
-94.071091,30.03644,"ozone",0.037443
-95.6739,30.039534,"ozone",0.037137
-90.275091,30.043573,"ozone",0.038872
-90.608333,30.058333,"ozone",0.039761
-93.761341,30.085263,"ozone",0.035263
-84.161111,30.0925,"ozone",0.037283
-84.9903,30.1103,"ozone",0.034284
-85.731517,30.130433,"ozone",0.039226
-93.371944,30.143333,"ozone",0.037173
-82.619167,30.178056,"ozone",0.035712
-93.866944,30.194167,"ozone",0.037418
-82.441111,30.201111,"ozone",0.03589
-91.129948,30.206985,"ozone",0.03917
-92.051389,30.2175,"ozone",0.038978
-91.316111,30.220556,"ozone",0.035036
-93.578333,30.227778,"ozone",0.038763
-90.968333,30.233889,"ozone",0.036033
-81.454,30.261,"ozone",0.037627
-93.284167,30.261667,"ozone",0.035107
-89.395916,30.300833,"ozone",0.040824
-90.8125,30.3125,"ozone",0.041527
-95.425128,30.350302,"ozone",0.041906
-97.760254,30.354419,"ozone",0.043198
-87.270967,30.36805,"ozone",0.041473
-81.8409,30.378217,"ozone",0.036918
-88.53393,30.378287,"ozone",0.04206
-89.049778,30.390369,"ozone",0.041204
-87.008033,30.394133,"ozone",0.039608
-91.181996,30.419763,"ozone",0.037657
-86.666217,30.426533,"ozone",0.038013
-90.199683,30.429304,"ozone",0.038634
-84.346389,30.439722,"ozone",0.03632
-91.17922,30.46198,"ozone",0.035533
-88.14114,30.474674,"ozone",0.039444
-81.587339,30.477725,"ozone",0.032105
-97.872301,30.483168,"ozone",0.043515
-84.199444,30.484444,"ozone",0.036037
-87.881412,30.498001,"ozone",0.039263
-91.213556,30.500643,"ozone",0.033192
-87.20355,30.525367,"ozone",0.039062
-91.366172,30.681736,"ozone",0.040755
-91.056135,30.700921,"ozone",0.038483
-94.6742,30.7017,"ozone",0.038033
-88.087526,30.769941,"ozone",0.03735
-85.603889,30.848611,"ozone",0.0368
-97.679734,31.088002,"ozone",0.046943
-97.431052,31.122419,"ozone",0.040037
-81.495881,31.169735,"ozone",0.035649
-85.423117,31.190657,"ozone",0.037398
-97.070684,31.653068,"ozone",0.044545
-106.288,31.6675,"ozone",0.04026
-106.402784,31.746743,"ozone",0.036887
-106.45522,31.765698,"ozone",0.042025
-106.50126,31.768291,"ozone",0.044397
-106.323578,31.785769,"ozone",0.039554
-106.682778,31.787778,"ozone",0.052708
-106.5575,31.795833,"ozone",0.040372
-106.583889,31.796111,"ozone",0.044835
-110.99644,31.87952,"ozone",0.047086
-106.425814,31.893913,"ozone",0.043435
-106.630556,31.930556,"ozone",0.043967
-84.081059,31.954298,"ozone",0.038249
-96.399138,32.03194,"ozone",0.045471
-106.409167,32.041111,"ozone",0.04914
-110.774357,32.04767,"ozone",0.046412
-81.048769,32.06923,"ozone",0.036574
-109.467589,32.117069,"ozone",0.049583
-110.980115,32.173,"ozone",0.044342
-110.737116,32.174538,"ozone",0.048383
-96.87018,32.175428,"ozone",0.044033
-104.4406,32.1783,"ozone",0.051745
-110.878067,32.204411,"ozone",0.042751
-107.7227,32.2558,"ozone",0.049471
-110.9823,32.29515,"ozone",0.044314
-106.767778,32.3175,"ozone",0.045543
-90.182722,32.329111,"ozone",0.039959
-95.415752,32.344008,"ozone",0.045231
-97.436748,32.353593,"ozone",0.046374
-88.277954,32.362706,"ozone",0.034717
-88.731491,32.364565,"ozone",0.036913
-94.711811,32.378682,"ozone",0.044432
-104.262222,32.38,"ozone",0.04755
-111.12716,32.38082,"ozone",0.044516
-90.1412,32.385731,"ozone",0.038906
-86.256367,32.40712,"ozone",0.039188
-111.06352,32.425261,"ozone",0.045863
-97.803539,32.442305,"ozone",0.046004
-85.083841,32.467971,"ozone",0.040061
-97.026922,32.482082,"ozone",0.046567
-86.136587,32.498567,"ozone",0.038545
-111.308056,32.508306,"ozone",0.04963
-92.046093,32.509713,"ozone",0.035184
-84.944795,32.521302,"ozone",0.039045
-93.74891,32.53626,"ozone",0.043992
-116.937772,32.552164,"ozone",0.035332
-96.317677,32.564952,"ozone",0.046223
-117.059075,32.631231,"ozone",0.039744
-97.088583,32.656372,"ozone",0.042637
-94.167457,32.668987,"ozone",0.044527
-115.484144,32.676186,"ozone",0.048137
-93.859722,32.676389,"ozone",0.04411
-96.87206,32.676451,"ozone",0.04282
-114.61444,32.690278,"ozone",0.050862
-108.124444,32.691944,"ozone",0.043532
-117.149653,32.701492,"ozone",0.031757
-116.365203,32.725226,"ozone",0.010282
-103.122917,32.726656,"ozone",0.040653
-116.942092,32.791194,"ozone",0.042799
-115.56306,32.79222,"ozone",0.049523
-83.543521,32.805408,"ozone",0.040555
-97.356568,32.805818,"ozone",0.047357
-96.860082,32.819952,"ozone",0.047275
-116.768225,32.842242,"ozone",0.052399
-117.123894,32.845467,"ozone",0.042596
-97.905931,32.868777,"ozone",0.046537
-96.808498,32.919206,"ozone",0.04762
-97.282088,32.922498,"ozone",0.048726
-96.459211,32.936523,"ozone",0.047821
-79.657187,32.941023,"ozone",0.035887
-117.264088,32.952124,"ozone",0.041759
-111.76225,32.954361,"ozone",0.045579
-97.063705,32.98426,"ozone",0.048892
-79.9367,32.987252,"ozone",0.033144
-97.477175,32.987891,"ozone",0.045608
-80.965038,33.007866,"ozone",0.030132
-111.739999,33.080087,"ozone",0.049564
-87.459731,33.0896,"ozone",0.037672
-117.075325,33.127711,"ozone",0.043122
-96.786404,33.13242,"ozone",0.049836
-96.115561,33.153077,"ozone",0.046049
-84.4052,33.1787,"ozone",0.042437
-115.54528,33.213611,"ozone",0.044102
-117.396158,33.217025,"ozone",0.039707
-97.196287,33.219056,"ozone",0.051332
-112.160597,33.290229,"ozone",0.050866
-111.285594,33.293465,"ozone",0.056621
-111.88431,33.29898,"ozone",0.053173
-86.825092,33.317316,"ozone",0.041286
-87.003611,33.331111,"ozone",0.040361
-81.788731,33.342226,"ozone",0.038421
-117.09023,33.362593,"ozone",0.045944
-112.6207,33.37005,"ozone",0.04465
-86.816667,33.386389,"ozone",0.038588
-112.07533,33.40316,"ozone",0.047354
-84.745988,33.40404,"ozone",0.035166
-111.86507,33.41045,"ozone",0.056706
-96.944598,33.410638,"ozone",0.051586
-111.93473,33.4124,"ozone",0.050841
-111.5436,33.4214,"ozone",0.04366
-82.022217,33.433349,"ozone",0.04138
-84.161708,33.433575,"ozone",0.041198
-117.088649,33.447867,"ozone",0.047028
-111.73331,33.45223,"ozone",0.055995
-112.04601,33.45793,"ozone",0.045271
-111.805769,33.474609,"ozone",0.055033
-111.91721,33.47968,"ozone",0.046285
-112.14257,33.48385,"ozone",0.046696
-86.915,33.485556,"ozone",0.040029
-111.855654,33.488242,"ozone",0.047745
-112.095767,33.503833,"ozone",0.048078
-111.755334,33.507992,"ozone",0.049148
-111.83852,33.508125,"ozone",0.052005
-86.549167,33.545278,"ozone",0.039148
-111.60925,33.54549,"ozone",0.050766
-86.815,33.553056,"ozone",0.036508
-112.06626,33.56033,"ozone",0.049847
-116.153383,33.56125,"ozone",0.045309
-112.19196,33.57454,"ozone",0.053897
-86.773889,33.578333,"ozone",0.041584
-82.131189,33.582144,"ozone",0.039455
-117.083333,33.583333,"ozone",0.050781
-116.088333,33.590833,"ozone",0.045593
-84.065294,33.591077,"ozone",0.041652
-111.72529,33.61103,"ozone",0.051209
-114.602886,33.612406,"ozone",0.036803
-111.676928,33.629246,"ozone",0.046865
-117.67593,33.63003,"ozone",0.04207
-112.34184,33.63713,"ozone",0.051698
-111.1074,33.6547,"ozone",0.055939
-117.92568,33.67464,"ozone",0.040665
-117.33098,33.67649,"ozone",0.04822
-84.29048,33.68797,"ozone",0.037861
-111.855622,33.706328,"ozone",0.053263
-116.21537,33.70853,"ozone",0.05058
-111.67183,33.71881,"ozone",0.053294
-84.357056,33.720192,"ozone",0.041988
-81.853635,33.739963,"ozone",0.029534
-115.8206,33.7411,"ozone",0.052558
-84.779192,33.743656,"ozone",0.039029
-90.723028,33.746056,"ozone",0.044155
-117.22764,33.78942,"ozone",0.051707
-86.9425,33.801667,"ozone",0.043576
-118.22,33.8025,"ozone",0.033099
-80.781135,33.81468,"ozone",0.031194
-112.01739,33.82169,"ozone",0.056408
-118.18921,33.82376,"ozone",0.039881
-117.93845,33.83062,"ozone",0.038403
-116.54101,33.85275,"ozone",0.056686
-97.275896,33.880812,"ozone",0.048089
-118.205,33.901389,"ozone",0.039559
-86.053867,33.904039,"ozone",0.038767
-83.344495,33.918067,"ozone",0.03782
-116.85841,33.92086,"ozone",0.05913
-117.95264,33.92513,"ozone",0.036969
-85.04534,33.9285,"ozone",0.040742
-115.4108,33.9397,"ozone",0.050486
-116.83,33.945,"ozone",0.057822
-96.405741,33.945366,"ozone",0.043934
-118.43043,33.9508,"ozone",0.041313
-84.06901,33.96127,"ozone",0.041714
-111.7987,33.9828,"ozone",0.058623
-117.493304,33.995638,"ozone",0.049537
-117.41601,33.99958,"ozone",0.049812
-89.799,34.0026,"ozone",0.037378
-118.06995,34.01194,"ozone",0.037076
-84.607407,34.015482,"ozone",0.042542
-118.45636,34.05111,"ozone",0.040278
-117.14731,34.05977,"ozone",0.056223
-118.22688,34.06659,"ozone",0.036824
-117.7514,34.06703,"ozone",0.044828
-116.390556,34.071389,"ozone",0.056662
-80.962304,34.093959,"ozone",0.033198
-117.49201,34.10002,"ozone",0.053677
-117.62914,34.10374,"ozone",0.047991
-117.27411,34.10688,"ozone",0.050679
-80.868318,34.131262,"ozone",0.040267
-118.1272,34.1326,"ozone",0.044382
-117.92391,34.1365,"ozone",0.04317
-117.85036,34.14435,"ozone",0.048187
-118.31712,34.17605,"ozone",0.046193
-93.0988,34.1795,"ozone",0.039487
-118.53276,34.19925,"ozone",0.0502
-118.869444,34.208244,"ozone",0.043835
-98.03544,34.226639,"ozone",0.0475
-113.58,34.2319,"ozone",0.053495
-117.27235,34.2431,"ozone",0.056326
-119.142504,34.25324,"ozone",0.039105
-88.766222,34.264917,"ozone",0.041269
-118.684731,34.275736,"ozone",0.0487046666666667
-79.744859,34.285696,"ozone",0.038327
-85.9698,34.2888,"ozone",0.042367
-82.386376,34.325318,"ozone",0.036455
-77.838611,34.364167,"ozone",0.038207
-84.059766,34.376317,"ozone",0.038963
-118.5284,34.38344,"ozone",0.054403
-119.4575,34.402778,"ozone",0.045925
-118.810003,34.402846,"ozone",0.047061
-117.285597,34.418073,"ozone",0.049762
-117.563939,34.426126,"ozone",0.055925
-119.691218,34.427775,"ozone",0.036091
-119.8284,34.44551,"ozone",0.038482
-119.230277,34.446571,"ozone",0.047039
-94.143316,34.454406,"ozone",0.044967
-120.02551,34.46245,"ozone",0.038521
-85.408003,34.474293,"ozone",0.038992
-120.04692,34.48974,"ozone",0.040124
-117.331433,34.510014,"ozone",0.055536
-86.976939,34.518735,"ozone",0.041805
-120.1965,34.52744,"ozone",0.035721
-119.79146,34.54166,"ozone",0.043571
-112.4761,34.5467,"ozone",0.049033
-120.630278,34.596111,"ozone",0.039795
-120.075069,34.605819,"ozone",0.034794
-80.198787,34.615367,"ozone",0.038329
-82.532059,34.623236,"ozone",0.038585
-98.42879,34.63298,"ozone",0.046364
-120.4575,34.63782,"ozone",0.037069
-82.838659,34.653606,"ozone",0.039294
-118.131456,34.671394,"ozone",0.052997
-92.328697,34.681343,"ozone",0.040076
-86.58637,34.68767,"ozone",0.044536
-120.427778,34.725556,"ozone",0.043109
-82.256701,34.751848,"ozone",0.041343
-92.281296,34.756189,"ozone",0.040697
-87.650562,34.758781,"ozone",0.039033
-86.756174,34.772727,"ozone",0.043086
-84.626422,34.785197,"ozone",0.041562
-83.2377,34.805261,"ozone",0.037877
-106.7396,34.8147,"ozone",0.047229
-89.98783,34.82166,"ozone",0.042396
-109.891944,34.8225,"ozone",0.050398
-92.260581,34.835721,"ozone",0.042749
-82.744576,34.851537,"ozone",0.039771
-101.6649,34.8803,"ozone",0.051074
-76.6203,34.8848,"ozone",0.037868
-117.024484,34.895007,"ozone",0.049602
-95.784375,34.90227,"ozone",0.044874
-80.8745,34.9127,"ozone",0.039238
-81.228409,34.935817,"ozone",0.035057
-120.43763,34.949147,"ozone",0.031931
-78.9625,34.968889,"ozone",0.040756
-80.540833,34.973889,"ozone",0.041267
-82.075802,34.988706,"ozone",0.042569
-80.9662,35.0158,"ozone",0.03888
-106.65739,35.01708,"ozone",0.045737
-120.50103,35.03146,"ozone",0.037234
-118.147294,35.050551,"ozone",0.052437
-119.403889,35.054444,"ozone",0.051506
-82.372881,35.057395,"ozone",0.039588
-83.4306,35.0608,"ozone",0.033293
-106.578785,35.0631,"ozone",0.046059
-106.76151,35.06407,"ozone",0.046462
-115.7767,35.1019,"ozone",0.059946
-85.162194,35.102638,"ozone",0.044004
-98.252778,35.111944,"ozone",0.031251
-80.919532,35.113164,"ozone",0.038832
-81.816567,35.130396,"ozone",0.039362
-81.405,35.131389,"ozone",0.041717
-106.5852,35.1343,"ozone",0.045504
-89.850249,35.151699,"ozone",0.043836
-106.69715,35.1539,"ozone",0.047988
-78.728035,35.158686,"ozone",0.038024
-97.473794,35.159649,"ozone",0.044449
-106.50815,35.1852,"ozone",0.045197
-106.613815,35.19324,"ozone",0.047021
-90.193141,35.197288,"ozone",0.041773
-111.652777,35.206111,"ozone",0.052053
-90.019707,35.217501,"ozone",0.042438
-77.568792,35.231459,"ozone",0.038659
-85.181581,35.233476,"ozone",0.042605
-118.789424,35.23668,"ozone",0.052864
-80.785683,35.2401,"ozone",0.042759
-120.669861,35.256577,"ozone",0.033122
-83.79562,35.25793,"ozone",0.046404
-79.8365,35.2632,"ozone",0.038155
-84.946111,35.289379,"ozone",0.042074
-106.548333,35.299444,"ozone",0.045895
-96.918326,35.302864,"ozone",0.042621
-97.484099,35.320105,"ozone",0.04555
-119.000974,35.331302,"ozone",0.055117
-118.852037,35.346094,"ozone",0.048404
-80.695,35.347222,"ozone",0.043826
-120.04019,35.35472,"ozone",0.046936
-119.041209,35.356092,"ozone",0.052159
-120.84271,35.36631,"ozone",0.034397
-89.83447,35.378153,"ozone",0.043536
-82.7925,35.379167,"ozone",0.047084
-94.524413,35.40814,"ozone",0.04226
-83.443697,35.435509,"ozone",0.035901
-81.27675,35.438556,"ozone",0.042565
-119.016765,35.438869,"ozone",0.047614
-97.494309,35.477036,"ozone",0.045931
-97.303044,35.477801,"ozone",0.046326
-97.751503,35.479215,"ozone",0.04486
-120.66804,35.49158,"ozone",0.039773
-83.310242,35.498711,"ozone",0.035154
-82.59986,35.500102,"ozone",0.041067
-119.272606,35.503587,"ozone",0.048572
-82.96337,35.50716,"ozone",0.040717
-83.236111,35.524444,"ozone",0.047882
-80.66756,35.534482,"ozone",0.043769
-80.395039,35.551868,"ozone",0.041962
-83.498056,35.562778,"ozone",0.048844
-83.0775,35.59,"ozone",0.045493
-78.461944,35.590833,"ozone",0.039009
-78.7925,35.596944,"ozone",0.038386
-83.783611,35.603056,"ozone",0.03825
-97.475083,35.614131,"ozone",0.046949
-106.07968,35.61975,"ozone",0.048266
-83.943512,35.63149,"ozone",0.046481
-120.690977,35.631629,"ozone",0.038752
-77.35805,35.63861,"ozone",0.038297
-120.23135,35.64368,"ozone",0.049585
-83.609722,35.696667,"ozone",0.047276
-84.342193,35.720894,"ozone",0.04307
-94.669697,35.750735,"ozone",0.045351
-79.159722,35.757222,"ozone",0.034673
-117.397004,35.763873,"ozone",0.043477
-82.264944,35.765413,"ozone",0.048962
-115.357048,35.785671,"ozone",0.0489723333333333
-76.89782,35.81069,"ozone",0.037755
-93.20826,35.832726,"ozone",0.042738
-94.985964,35.85408,"ozone",0.043482
-78.574167,35.856111,"ozone",0.038444
-80.557278,35.897068,"ozone",0.041516
-81.191,35.9139,"ozone",0.038628
-81.189758,35.928999,"ozone",0.041797
-81.530278,35.935833,"ozone",0.039877
-87.137005,35.951534,"ozone",0.041262
-96.004975,35.953708,"ozone",0.045
-84.22316,35.96522,"ozone",0.040618
-81.933056,35.972222,"ozone",0.038956
-114.846298,35.978125,"ozone",0.04765
-77.582778,35.988333,"ozone",0.040411
-94.167436,36.011703,"ozone",0.045215
-83.87381,36.019186,"ozone",0.041275
-80.342,36.026,"ozone",0.042136
-119.055018,36.031831,"ozone",0.05345
-78.905417,36.032944,"ozone",0.039833
-85.7331,36.0388,"ozone",0.041062
-80.143889,36.050833,"ozone",0.043184
-86.286261,36.060833,"ozone",0.041717
-112.153808,36.071681,"ozone",0.049139
-83.764806,36.085508,"ozone",0.041368
-78.463719,36.096189,"ozone",0.039382
-79.810456,36.100711,"ozone",0.041419
-96.361196,36.105481,"ozone",0.044534
-83.602077,36.105629,"ozone",0.046004
-82.0454,36.1058,"ozone",0.043435
-115.253352,36.106372,"ozone",0.0471766666666667
-80.226667,36.110556,"ozone",0.045582
-95.764537,36.133802,"ozone",0.044416
-78.768056,36.141111,"ozone",0.040346
-115.078725,36.141895,"ozone",0.043126
-115.056305,36.142957,"ozone",0.04349
-86.623301,36.150742,"ozone",0.041537
-98.931973,36.158414,"ozone",0.045902
-115.263025,36.169751,"ozone",0.0467293333333333
-115.332714,36.173416,"ozone",0.047206
-94.116827,36.1797,"ozone",0.043371
-106.698369,36.187742,"ozone",0.048609
-115.12293,36.19126,"ozone",0.0444496666666667
-80.215833,36.203056,"ozone",0.037056
-95.976537,36.204902,"ozone",0.043842
-86.744722,36.205,"ozone",0.038312
-121.126371,36.209286,"ozone",0.037269
-95.249943,36.228408,"ozone",0.043876
-119.766212,36.233274,"ozone",0.050627
-115.238256,36.270583,"ozone",0.047598
-86.653137,36.29756,"ozone",0.045934
-79.09197,36.306965,"ozone",0.039267
-79.467417,36.307033,"ozone",0.040303
-79.859167,36.308889,"ozone",0.042205
-119.64457,36.314399,"ozone",0.054196
-119.291228,36.332179,"ozone",0.043424
-95.999247,36.357438,"ozone",0.045155
-115.362234,36.357786,"ozone",0.052586
-114.907406,36.391007,"ozone",0.0558243333333333
-83.8268,36.47,"ozone",0.04232
-121.156556,36.485217,"ozone",0.044963
-118.829167,36.489444,"ozone",0.054807
-121.731571,36.495767,"ozone",0.034978
-116.847778,36.508611,"ozone",0.047977
-82.424824,36.541439,"ozone",0.042234
-118.778995,36.567178,"ozone",0.057251
-82.485742,36.58211,"ozone",0.042029
-119.503611,36.5975,"ozone",0.056082
-83.73694,36.60843,"ozone",0.040107
-120.382331,36.634225,"ozone",0.049705
-83.5264,36.6719,"ozone",0.040607
-121.637182,36.69676,"ozone",0.033202
-119.741966,36.705506,"ozone",0.050006
-93.222,36.707727,"ozone",0.041967
-86.566284,36.708607,"ozone",0.040515
-107.976944,36.742222,"ozone",0.045557
-87.8499,36.7841,"ozone",0.042575
-119.774174,36.785322,"ozone",0.047031
-108.4725,36.796667,"ozone",0.046036
-108.69523,36.8071,"ozone",0.047611
-114.060879,36.807913,"ozone",0.051246
-107.65158,36.80973,"ozone",0.046941
-119.717356,36.819111,"ozone",0.053165
-119.874444,36.841389,"ozone",0.054925
-121.362121,36.844096,"ozone",0.036629
-120.01,36.866667,"ozone",0.050549
-87.323337,36.91171,"ozone",0.044167
-94.838889,36.922222,"ozone",0.042175
-120.034203,36.953256,"ozone",0.054032
-97.03135,36.956222,"ozone",0.046391
-121.989328,36.983921,"ozone",0.031702
-121.574684,36.999571,"ozone",0.039307
-86.21487,37.04926,"ozone",0.042752
-88.57251,37.05822,"ozone",0.041339
-122.00764,37.07206,"ozone",0.037759
-121.600031,37.079379,"ozone",0.040206
-84.61152,37.09798,"ozone",0.04172
-107.870219,37.10258,"ozone",0.05336
-113.183,37.129,"ozone",0.053868
-86.147778,37.131944,"ozone",0.044207
-107.62863,37.13678,"ozone",0.053061
-88.394024,37.155392,"ozone",0.044033
-113.1506,37.1983,"ozone",0.054268
-108.490278,37.198333,"ozone",0.054937
-119.699065,37.2136,"ozone",0.051886
-121.979675,37.226862,"ozone",0.035922
-94.42468,37.2385,"ozone",0.044818
-93.299886,37.256136,"ozone",0.043098
-120.434992,37.281598,"ozone",0.047767
-83.20932,37.28329,"ozone",0.038331
-107.484167,37.30389,"ozone",0.054319
-122.069705,37.318435,"ozone",0.0331
-93.204635,37.31951,"ozone",0.043505
-121.894898,37.348497,"ozone",0.032471
-108.592334,37.350054,"ozone",0.048798
-97.366399,37.47689,"ozone",0.046718
-82.53532,37.4826,"ozone",0.037045
-122.20337,37.482934,"ozone",0.028783
-120.837005,37.487981,"ozone",0.049126
-119.844591,37.549928,"ozone",0.05787
-120.994622,37.641583,"ozone",0.04151
-122.031547,37.654456,"ozone",0.034099
-121.44056,37.6825,"ozone",0.043516
-121.784217,37.687526,"ozone",0.036134
-94.035,37.69,"ozone",0.04372
-97.314847,37.702066,"ozone",0.045226
-89.69864,37.70264,"ozone",0.044463
-85.0485,37.7046,"ozone",0.043618
-85.852629,37.705612,"ozone",0.041465
-119.704867,37.713259,"ozone",0.049278
-122.169935,37.743065,"ozone",0.026014
-121.934188,37.743649,"ozone",0.035118
-122.399044,37.765946,"ozone",0.026602
-111.614722,37.775556,"ozone",0.049405
-87.075307,37.780776,"ozone",0.045796
-122.282347,37.814781,"ozone",0.025011
-87.46375,37.8712,"ozone",0.0441
-84.58825,37.89147,"ozone",0.04278
-97.492083,37.897506,"ozone",0.04614
-90.42388,37.90084,"ozone",0.045107
-83.0662,37.9214,"ozone",0.040911
-122.026154,37.936013,"ozone",0.031911
-86.89719,37.93829,"ozone",0.042827
-121.268523,37.950741,"ozone",0.036602
-87.321939,37.954511,"ozone",0.045143
-122.356811,37.9604,"ozone",0.030042
-122.520004,37.97231,"ozone",0.029542
-120.379611,37.981582,"ozone",0.045262
-85.71192,37.98629,"ozone",0.041165
-87.718429,38.005289,"ozone",0.044322
-121.641918,38.006311,"ozone",0.037098
-87.577856,38.013248,"ozone",0.046743
-87.278337,38.052003,"ozone",0.044214
-85.89804,38.06091,"ozone",0.041978
-84.49761,38.06503,"ozone",0.042543
-88.624943,38.082155,"ozone",0.044077
-122.237976,38.102507,"ozone",0.032411
-86.603594,38.113159,"ozone",0.044495
-87.536957,38.113947,"ozone",0.047525
-94.731988,38.135882,"ozone",0.04266
-85.57648,38.13784,"ozone",0.044395
-89.788459,38.176278,"ozone",0.043689
-87.341396,38.194501,"ozone",0.041481
-120.681567,38.201852,"ozone",0.042086
-122.075624,38.227066,"ozone",0.037591
-85.65452,38.22876,"ozone",0.042661
-82.9881,38.23887,"ozone",0.041358
-121.420838,38.302591,"ozone",0.037209
-85.834167,38.308056,"ozone",0.045224
-122.296189,38.310942,"ozone",0.032997
-120.763515,38.339905,"ozone",0.040622
-121.950003,38.358365,"ozone",0.037392
-85.664167,38.393833,"ozone",0.046387
-85.44428,38.4002,"ozone",0.043298
-122.710169,38.443503,"ozone",0.027436
-76.1114,38.445,"ozone",0.045451
-90.39854,38.448633,"ozone",0.044593
-109.821111,38.458611,"ozone",0.05361
-82.64041,38.45934,"ozone",0.041188
-90.7052,38.4902,"ozone",0.043234
-121.211131,38.494475,"ozone",0.048329
-76.811944,38.504167,"ozone",0.043337
-82.659301,38.508114,"ozone",0.040871
-121.7734,38.53445,"ozone",0.03707
-76.617194,38.536722,"ozone",0.044635
-82.731163,38.548136,"ozone",0.039665
-121.492981,38.558228,"ozone",0.036114
-76.140449,38.587635,"ozone",0.044323
-90.160477,38.612034,"ozone",0.04325
-121.368014,38.613779,"ozone",0.042072
-82.45886,38.62901,"ozone",0.040462
-75.612688,38.644476,"ozone",0.043477
-121.506767,38.650783,"ozone",0.038497
-122.901857,38.654069,"ozone",0.0335
-90.198646,38.656498,"ozone",0.043164
-121.73269,38.66121,"ozone",0.039189
-121.164457,38.683304,"ozone",0.045099
-92.09308,38.70608,"ozone",0.043238
-90.4759,38.7109,"ozone",0.044888
-121.38109,38.71209,"ozone",0.041842
-120.821916,38.725282,"ozone",0.049556
-89.959963,38.726573,"ozone",0.045519
-87.4853,38.7408,"ozone",0.046274
-121.266312,38.745726,"ozone",0.040589
-94.57997,38.75976,"ozone",0.044196
-99.763424,38.770081,"ozone",0.047905
-75.162673,38.779196,"ozone",0.044404
-120.033084,38.81161,"ozone",0.050115
-76.74417,38.81194,"ozone",0.044528
-94.746424,38.838575,"ozone",0.044795
-104.901289,38.853097,"ozone",0.0543523333333333
-90.105851,38.860669,"ozone",0.043814
-89.6228,38.869,"ozone",0.046593
-90.226488,38.872546,"ozone",0.04638
-121.30208,38.88563,"ozone",0.040255
-90.148031,38.890186,"ozone",0.044354
-121.003373,38.890941,"ozone",0.050239
-76.952778,38.897222,"ozone",0.041745
-90.44917,38.8994,"ozone",0.045893
-76.653056,38.9025,"ozone",0.046436
-84.852637,38.91833,"ozone",0.040836
-86.080489,38.920844,"ozone",0.045536
-77.013178,38.921847,"ozone",0.043583
-121.09959,38.93568,"ozone",0.04261
-106.9858,38.9564,"ozone",0.051034
-104.817215,38.958341,"ozone",0.0570046666666667
-77.016715,38.970092,"ozone",0.048522
-75.555185,38.984749,"ozone",0.044315
-86.99012,38.985578,"ozone",0.047422
-114.215833,39.005278,"ozone",0.048939
-84.47445,39.021881,"ozone",0.045518
-95.711275,39.024265,"ozone",0.044009
-76.8171,39.0284,"ozone",0.046886
-122.92229,39.0327,"ozone",0.0363433333333333
-90.8647,39.0447,"ozone",0.046145
-76.878333,39.055277,"ozone",0.044714
-88.548934,39.067159,"ozone",0.044113
-92.31517,39.0786,"ozone",0.043542
-84.1441,39.0828,"ozone",0.044582
-120.952778,39.100278,"ozone",0.043758
-96.6096,39.1021,"ozone",0.051
-90.32408,39.110539,"ozone",0.04409
-77.106944,39.114444,"ozone",0.043923
-94.635605,39.117219,"ozone",0.042395
-84.50404,39.12886,"ozone",0.044047
-108.313835,39.130575,"ozone",0.051519
-121.618549,39.138773,"ozone",0.037071
-119.7661,39.1447,"ozone",0.049308
-123.20298,39.14566,"ozone",0.028759
-120.148833,39.166017,"ozone",0.037197
-122.017728,39.202935,"ozone",0.035606
-121.820362,39.205572,"ozone",0.051831
-87.668297,39.210857,"ozone",0.040571
-84.69086,39.21494,"ozone",0.042683
-121.056591,39.234331,"ozone",0.0517
-119.956738,39.250409,"ozone",0.044507
-84.36612,39.2787,"ozone",0.045127
-85.766816,39.294322,"ozone",0.049664
-94.376623,39.30309,"ozone",0.045449
-75.7972,39.3052,"ozone",0.045587
-76.474444,39.310833,"ozone",0.044538
-120.845475,39.316555,"ozone",0.050924
-94.95102,39.327391,"ozone",0.043871
-76.5525,39.32889,"ozone",0.041443
-94.580841,39.331913,"ozone",0.046271
-84.544413,39.383382,"ozone",0.044163
-89.809739,39.396075,"ozone",0.043897
-119.739606,39.399837,"ozone",0.042677
-94.265373,39.407452,"ozone",0.044589
-76.296667,39.41,"ozone",0.04645
-86.152363,39.417243,"ozone",0.044514
-75.025204,39.422273,"ozone",0.040849
-77.37519,39.42276,"ozone",0.044531
-84.20077,39.42689,"ozone",0.042519
-83.788502,39.430038,"ozone",0.043344
-81.460443,39.432117,"ozone",0.04292
-77.041667,39.444167,"ozone",0.04545
-76.631261,39.462024,"ozone",0.045767
-74.448736,39.464872,"ozone",0.045275
-119.775354,39.469219,"ozone",0.040646
-118.783624,39.472471,"ozone",0.048577
-91.789141,39.475136,"ozone",0.042318
-87.401398,39.48615,"ozone",0.041713
-119.807717,39.525083,"ozone",0.041122
-84.393364,39.529481,"ozone",0.044925
-94.556,39.5306,"ozone",0.046131
-84.7286,39.5327,"ozone",0.045413
-122.191903,39.533761,"ozone",0.041446
-105.070358,39.534488,"ozone",0.0562716666666667
-119.746761,39.540917,"ozone",0.040843
-105.29841,39.541515,"ozone",0.0544316666666667
-107.784125,39.54182,"ozone",0.048796
-75.730833,39.551111,"ozone",0.04066
-87.313056,39.560556,"ozone",0.04631
-76.203889,39.563333,"ozone",0.04542
-77.721639,39.565582,"ozone",0.045019
-104.957193,39.567887,"ozone",0.0547803333333333
-86.477893,39.575634,"ozone",0.04647
-119.247741,39.602787,"ozone",0.049824
-110.800749,39.60996,"ozone",0.054973
-85.870648,39.613423,"ozone",0.04659
-83.2605,39.6359,"ozone",0.043776
-104.569335,39.638522,"ozone",0.056632
-105.13948,39.638781,"ozone",0.053203
-119.840025,39.645264,"ozone",0.044628
-83.94285,39.66575,"ozone",0.043797
-74.861491,39.68425,"ozone",0.044818
-75.86,39.701111,"ozone",0.045533
-79.012,39.70595,"ozone",0.045213
-121.618836,39.714041,"ozone",0.048574
-75.558056,39.739444,"ozone",0.043105
-105.177989,39.743724,"ozone",0.0576173333333333
-86.186314,39.749019,"ozone",0.042989
-104.987625,39.751184,"ozone",0.04371
-86.397124,39.759003,"ozone",0.041315
-121.84162,39.761538,"ozone",0.039044
-75.496389,39.773889,"ozone",0.041545
-105.00518,39.77949,"ozone",0.048803
-84.13437,39.78563,"ozone",0.04444
-83.47606,39.78819,"ozone",0.044236
-86.06085,39.789486,"ozone",0.046318
-75.212119,39.800339,"ozone",0.044474
-80.26567,39.80933,"ozone",0.043449
-86.114469,39.811097,"ozone",0.047365
-75.563889,39.817222,"ozone",0.044021
-89.640926,39.831522,"ozone",0.043626
-75.768242,39.834461,"ozone",0.044371
-75.3725,39.835556,"ozone",0.043818
-84.72049,39.83562,"ozone",0.043401
-104.94984,39.838119,"ozone",0.0545296666666667
-83.99773,39.85567,"ozone",0.043479
-86.021317,39.858922,"ozone",0.041458
-76.462055,39.86097,"ozone",0.046268
-88.925594,39.866834,"ozone",0.042962
-109.097302,39.868622,"ozone",0.056959
-105.188587,39.912799,"ozone",0.0587193333333333
-91.335868,39.915409,"ozone",0.04208
-77.3078,39.9231,"ozone",0.046291
-75.125291,39.934446,"ozone",0.042453
-85.840471,39.935041,"ozone",0.042687
-81.3373,39.9428,"ozone",0.044513
-94.849,39.9544,"ozone",0.044949
-105.238458,39.957212,"ozone",0.0539936666666667
-77.475556,39.961111,"ozone",0.049134
-82.95549,39.96523,"ozone",0.044023
-76.699444,39.965278,"ozone",0.045719
-79.2515,39.9878,"ozone",0.04121
-75.080833,39.991389,"ozone",0.027077
-86.395172,39.997484,"ozone",0.046645
-83.80456,40.00103,"ozone",0.045394
-85.656937,40.002547,"ozone",0.043956
-75.09778,40.008889,"ozone",0.029169
-82.433,40.026037,"ozone",0.04336
-75.002405,40.035985,"ozone",0.047489
-107.8475,40.038889,"ozone",0.051005
-76.1124,40.043833,"ozone",0.043145
-76.283333,40.046667,"ozone",0.044943
-88.372549,40.052242,"ozone",0.045094
-109.688108,40.05671,"ozone",0.058023
-74.44405,40.06483,"ozone",0.042364
-85.992451,40.068297,"ozone",0.042489
-75.011549,40.0764,"ozone",0.044752
-82.81552,40.0845,"ozone",0.046542
-84.11412,40.08455,"ozone",0.044084
-108.761389,40.086944,"ozone",0.053303
-82.959773,40.0877,"ozone",0.041621
-74.882222,40.107222,"ozone",0.044724
-75.309167,40.112222,"ozone",0.044479
-111.660502,40.136336,"ozone",0.052592
-79.902222,40.146667,"ozone",0.04367
-80.261389,40.170556,"ozone",0.042589
-122.23694,40.17583,"ozone",0.041713
-109.353932,40.206291,"ozone",0.060797
-110.841056,40.208652,"ozone",0.052724
-110.182742,40.216779,"ozone",0.054922
-88.188519,40.244913,"ozone",0.041977
-76.846988,40.246992,"ozone",0.042734
-111.663056,40.253611,"ozone",0.055401
-122.093857,40.262084,"ozone",0.052144
-80.243995,40.268963,"ozone",0.041307
-76.681389,40.272222,"ozone",0.044866
-105.545595,40.277204,"ozone",0.054646
-74.0051,40.277647,"ozone",0.045332
-105.5453,40.2778,"ozone",0.0549063333333333
-74.742644,40.283092,"ozone",0.043374
-110.009732,40.294178,"ozone",0.056699
-85.245367,40.300015,"ozone",0.041503
-79.505667,40.304694,"ozone",0.043874
-78.915,40.309722,"ozone",0.041868
-82.691724,40.310025,"ozone",0.043164
-74.8729,40.3125,"ozone",0.044755
-76.383447,40.337328,"ozone",0.04675
-83.063971,40.356694,"ozone",0.044143
-80.61558,40.36644,"ozone",0.042125
-80.169943,40.375644,"ozone",0.04354
-75.9686,40.38335,"ozone",0.044708
-104.73744,40.386368,"ozone",0.0555496666666667
-79.692811,40.428076,"ozone",0.04067
-109.3047,40.4372,"ozone",0.052534
-80.420833,40.445278,"ozone",0.045122
-80.016155,40.445577,"ozone",0.045901
-109.510393,40.452267,"ozone",0.05243
-122.298866,40.452913,"ozone",0.035762
-77.165556,40.456944,"ozone",0.043887
-74.429439,40.462182,"ozone",0.044387
-79.960757,40.46542,"ozone",0.041029
-109.906796,40.483598,"ozone",0.053252
-107.891109,40.506946,"ozone",0.05159
-75.789721,40.51408,"ozone",0.041575
-74.806671,40.515262,"ozone",0.043285
-88.996896,40.518735,"ozone",0.046123
-78.370833,40.535278,"ozone",0.042491
-121.573569,40.536806,"ozone",0.046009
-86.553035,40.540455,"ozone",0.046625
-112.299618,40.543309,"ozone",0.052649
-122.380258,40.549577,"ozone",0.029363
-80.503948,40.56252,"ozone",0.044895
-78.919972,40.56333,"ozone",0.046201
-105.07892,40.57747,"ozone",0.0498916666666667
-105.141122,40.592543,"ozone",0.0566823333333333
-74.12525,40.59664,"ozone",0.043388
-75.4325,40.611944,"ozone",0.04484
-79.72941,40.613949,"ozone",0.044359
-75.341111,40.628056,"ozone",0.043503
-105.275029,40.642103,"ozone",0.053178
-74.126081,40.67025,"ozone",0.039264
-80.359722,40.684722,"ozone",0.043737
-89.606943,40.68742,"ozone",0.039038
-122.402194,40.689253,"ozone",0.037433
-75.237156,40.692224,"ozone",0.043621
-92.006318,40.695078,"ozone",0.0430715
-81.598333,40.712778,"ozone",0.042528
-124.20139,40.71528,"ozone",0.028707
-77.9319,40.7208,"ozone",0.044229
-74.192892,40.720989,"ozone",0.039533
-73.82153,40.73614,"ozone",0.041713
-112.210278,40.736389,"ozone",0.05432
-111.872222,40.736389,"ozone",0.054132
-73.41919,40.74529,"ozone",0.042621
-89.585869,40.745504,"ozone",0.04478
-80.316442,40.747796,"ozone",0.041442
-84.0539,40.770944,"ozone",0.044953
-124.1775,40.776944,"ozone",0.027301
-74.676301,40.787628,"ozone",0.045157
-77.877028,40.811389,"ozone",0.042112
-79.56475,40.814183,"ozone",0.048461
-85.6611,40.816,"ozone",0.046565
-73.902,40.81618,"ozone",0.038856
-73.94825,40.81976,"ozone",0.036232
-73.05754,40.82799,"ozone",0.043307
-81.378333,40.828052,"ozone",0.043885
-73.87809,40.8679,"ozone",0.040662
-73.991994,40.870436,"ozone",0.043161
-106.306111,40.882222,"ozone",0.049896
-111.884467,40.902967,"ozone",0.049974
-75.067815,40.92458,"ozone",0.038194
-81.123519,40.931398,"ozone",0.042723
-85.379842,40.96071,"ozone",0.039758
-72.71238,40.96078,"ozone",0.045863
-95.044951,40.969112,"ozone",0.039658
-96.677222,40.984722,"ozone",0.038327
-80.346442,40.995848,"ozone",0.042498
-73.585,41.003611,"ozone",0.048765
-73.76366,41.05192,"ozone",0.042548
-74.255544,41.058617,"ozone",0.04197
-81.9239,41.0604,"ozone",0.041318
-75.32328,41.08306,"ozone",0.041533
-85.101816,41.094965,"ozone",0.043246
-80.658856,41.096142,"ozone",0.040028
-81.503547,41.106486,"ozone",0.036879
-78.526194,41.1175,"ozone",0.044
-73.336667,41.118333,"ozone",0.050226
-73.103056,41.1525,"ozone",0.051366
-74.02819,41.18208,"ozone",0.041533
-81.330486,41.182466,"ozone",0.029362
-111.975524,41.206321,"ozone",0.055645
-95.945897,41.207958,"ozone",0.038512
-76.003333,41.209167,"ozone",0.040484
-80.484779,41.215014,"ozone",0.044675
-85.016821,41.221418,"ozone",0.043895
-88.190967,41.221537,"ozone",0.040438
-80.662559,41.240456,"ozone",0.044229
-95.973142,41.247486,"ozone",0.044592
-76.9238,41.2508,"ozone",0.043198
-72.55,41.260833,"ozone",0.049403
-75.846389,41.265556,"ozone",0.041688
-93.583983,41.285533,"ozone",0.0402285
-72.902871,41.3014,"ozone",0.045822
-111.987871,41.303614,"ozone",0.05568
-95.960967,41.306758,"ozone",0.03754
-70.785225,41.330469,"ozone",0.042356
-72.07882,41.35362,"ozone",0.046784
-81.864608,41.36189,"ozone",0.04125
-83.611104,41.377685,"ozone",0.042257
-73.443056,41.399167,"ozone",0.046491
-82.095729,41.420882,"ozone",0.03915
-80.1451,41.4271,"ozone",0.041505
-75.623056,41.442778,"ozone",0.042864
-80.591036,41.454235,"ozone",0.040868
-73.70977,41.45589,"ozone",0.038936
-75.578186,41.479116,"ozone",0.044612
-81.678449,41.492117,"ozone",0.034044
-112.018863,41.492707,"ozone",0.054911
-83.718944,41.494174,"ozone",0.043388
-71.423705,41.49511,"ozone",0.045582
-87.038546,41.510293,"ozone",0.043421
-90.51735,41.514727,"ozone",0.040756
-81.249906,41.515051,"ozone",0.042902
-74.21534,41.52375,"ozone",0.03414
-90.587611,41.530011,"ozone",0.041571
-81.458834,41.537344,"ozone",0.04267
-86.370589,41.551696,"ozone",0.039722
-72.63,41.552222,"ozone",0.047086
-81.575256,41.55523,"ozone",0.041325
-78.7674,41.598,"ozone",0.043169
-93.643118,41.603159,"ozone",0.04058
-87.304729,41.60668,"ozone",0.042901
-71.72,41.615237,"ozone",0.044989
-87.199248,41.617558,"ozone",0.044689
-86.684615,41.629098,"ozone",0.044667
-87.493623,41.63946,"ozone",0.0414
-83.54625,41.644067,"ozone",0.037089
-76.939167,41.644722,"ozone",0.044728
-70.897504,41.645381,"ozone",0.04166
-87.99057,41.66812,"ozone",0.04199
-87.732457,41.670992,"ozone",0.039144
-81.422455,41.673006,"ozone",0.04435
-83.30693,41.675213,"ozone",0.041249
-87.494734,41.6814,"ozone",0.043775
-71.169235,41.685707,"ozone",0.044547
-86.214683,41.696692,"ozone",0.046813
-90.521944,41.699174,"ozone",0.03789
-76.512726,41.705226,"ozone",0.035915
-86.907743,41.717022,"ozone",0.047825
-85.83055,41.71805,"ozone",0.039415
-81.242156,41.726811,"ozone",0.042178
-122.633579,41.726892,"ozone",0.038813
-111.8375,41.731111,"ozone",0.050529
-87.713488,41.7514,"ozone",0.039246
-86.11009,41.75487,"ozone",0.042169
-87.54535,41.755832,"ozone",0.046131
-95.948435,41.780261,"ozone",0.041468
-72.631667,41.784722,"ozone",0.043681
-73.74136,41.78555,"ozone",0.039971
-87.601646,41.790787,"ozone",0.035844
-88.072827,41.813049,"ozone",0.038398
-73.297257,41.821342,"ozone",0.047393
-95.928185,41.832256,"ozone",0.0422325
-72.01,41.8402,"ozone",0.043531
-71.36077,41.841573,"ozone",0.045306
-87.75247,41.855243,"ozone",0.039224
-90.177574,41.874999,"ozone",0.0420485
-93.6878,41.882867,"ozone",0.0418435
-86.001629,41.89557,"ozone",0.048907
-91.651944,41.910556,"ozone",0.042275
-112.233179,41.94595,"ozone",0.051373
-80.572808,41.959695,"ozone",0.044066
-87.876265,41.965193,"ozone",0.034186
-70.023598,41.975804,"ozone",0.04175
-72.388056,41.976389,"ozone",0.046476
-91.68766,41.97677,"ozone",0.0414355
-87.792002,41.984332,"ozone",0.040903
-83.946559,41.995568,"ozone",0.04571
-88.273029,42.049148,"ozone",0.038391
-87.863225,42.060285,"ozone",0.040436
-87.674167,42.061857,"ozone",0.042311
-77.20978,42.09142,"ozone",0.038184
-71.619399,42.099699,"ozone",0.041409
-87.799227,42.139996,"ozone",0.042245
-80.038611,42.14175,"ozone",0.042591
-72.555112,42.19438,"ozone",0.042681
-86.309694,42.19779,"ozone",0.048107
-71.11397,42.211774,"ozone",0.043163
-88.242207,42.221442,"ozone",0.040283
-83.2082,42.22862,"ozone",0.0412
-122.7877,42.229891,"ozone",0.044443
-83.599602,42.240565,"ozone",0.044131
-71.875511,42.274319,"ozone",0.042727
-85.54189,42.278067,"ozone",0.046038
-91.526879,42.281013,"ozone",0.041753
-89.9997,42.2869,"ozone",0.042976
-72.334079,42.298493,"ozone",0.042034
-70.968359,42.317372,"ozone",0.042736
-71.0826,42.3295,"ozone",0.034722
-89.037775,42.334982,"ozone",0.039887
-72.523109,42.400579,"ozone",0.037575
-76.6538,42.4006,"ozone",0.042143
-83.902,42.4165,"ozone",0.044294
-83.000138,42.43084,"ozone",0.045358
-83.183199,42.463063,"ozone",0.044121
-87.810047,42.467573,"ozone",0.043542
-70.970816,42.474642,"ozone",0.044066
-79.31881,42.49963,"ozone",0.044069
-83.005971,42.51334,"ozone",0.044039
-71.362068,42.62668,"ozone",0.042626
-73.167428,42.63668,"ozone",0.045295
-73.75733,42.68075,"ozone",0.041602
-71.522427,42.718664,"ozone",0.042055
-82.793463,42.731394,"ozone",0.045055
-84.534633,42.738618,"ozone",0.046182
-92.513056,42.743056,"ozone",0.0401515
-96.707208,42.751518,"ozone",0.042652
-86.148577,42.767786,"ozone",0.049146
-71.10229,42.770837,"ozone",0.040854
-84.393795,42.798339,"ozone",0.04453
-70.817783,42.814412,"ozone",0.042989
-97.854,42.8292,"ozone",0.043723
-71.878389,42.86175,"ozone",0.043563
-71.380172,42.862536,"ozone",0.042062
-73.24984,42.88759,"ozone",0.040558
-85.852734,42.894451,"ozone",0.046187
-72.272389,42.930472,"ozone",0.040732
-82.456229,42.953336,"ozone",0.04211
-85.671339,42.984173,"ozone",0.045983
-78.77153,42.99328,"ozone",0.044553
-73.6489,43.01209,"ozone",0.03782
-70.713806,43.045278,"ozone",0.040164
-83.670159,43.047224,"ozone",0.043872
-76.05921,43.05235,"ozone",0.039867
-70.748,43.075333,"ozone",0.039823
-94.693518,43.123704,"ozone",0.041756
-77.54817,43.14618,"ozone",0.040029
-83.461541,43.168336,"ozone",0.045304
-85.416608,43.176672,"ozone",0.04441
-71.5145,43.2185,"ozone",0.03994
-78.47888,43.22386,"ozone",0.039886
-77.17136,43.23086,"ozone",0.041981
-86.311083,43.278061,"ozone",0.046315
-76.46324,43.28428,"ozone",0.038303
-70.471034,43.343167,"ozone",0.041371
-74.51625,43.44957,"ozone",0.039729
-113.562222,43.460556,"ozone",0.049401
-96.700769,43.54792,"ozone",0.048972
-103.4839,43.5578,"ozone",0.048795
-70.207324,43.561043,"ozone",0.040945
-71.496361,43.566111,"ozone",0.036331
-116.178156,43.577603,"ozone",0.0435716666666667
-70.87734,43.58889,"ozone",0.037722
-116.347853,43.600699,"ozone",0.04696
-83.3591,43.6138,"ozone",0.0437
-72.309583,43.629611,"ozone",0.036929
-70.629138,43.656764,"ozone",0.036863
-70.268965,43.660246,"ozone",0.035506
-74.98538,43.68578,"ozone",0.037005
-101.941218,43.74561,"ozone",0.044721
-123.0353,43.8345,"ozone",0.034797
-82.6429,43.836388,"ozone",0.043306
-69.26059,43.917955,"ozone",0.041011
-71.7008,43.945,"ozone",0.034736
-86.294415,43.953334,"ozone",0.043845
-74.2232,43.9731,"ozone",0.035411
-70.124608,43.974622,"ozone",0.036244
-92.450366,43.996908,"ozone",0.041986
-69.82778,44.005,"ozone",0.036995
-121.260166,44.021896,"ozone",0.042248
-123.083737,44.026312,"ozone",0.033562
-75.97316,44.08747,"ozone",0.039493
-103.315765,44.155636,"ozone",0.04819
-85.739,44.1809,"ozone",0.043371
-69.785,44.230622,"ozone",0.038896
-70.860605,44.250922,"ozone",0.030879
-71.30375,44.270167,"ozone",0.051155
-86.242649,44.307,"ozone",0.044023
-71.217694,44.308167,"ozone",0.036644
-84.891865,44.310555,"ozone",0.044159
-96.807299,44.348604,"ozone",0.043352
-68.22698,44.351697,"ozone",0.042555
-73.90312,44.36608,"ozone",0.041316
-68.2609,44.37705,"ozone",0.041898
-73.8589,44.39308,"ozone",0.040764
-95.81789,44.4438,"ozone",0.043531
-93.012611,44.473754,"ozone",0.041689
-72.86884,44.52839,"ozone",0.039431
-67.59587,44.531907,"ozone",0.037517
-86.109408,44.616943,"ozone",0.044044
-68.670752,44.735978,"ozone",0.037822
-93.512534,44.791437,"ozone",0.041796
-122.915085,44.81029,"ozone",0.035893
-67.060728,44.963633,"ozone",0.034845
-93.254759,44.965242,"ozone",0.033058
-74.695005,44.980577,"ozone",0.034729
-93.207615,45.13768,"ozone",0.041627
-92.765136,45.168004,"ozone",0.039623
-93.66921,45.20916,"ozone",0.041084
-122.588151,45.25928,"ozone",0.037562
-106.48982,45.366151,"ozone",0.044397
-93.20306,45.40184,"ozone",0.039312
-122.854437,45.402446,"ozone",0.033353
-105.370283,45.440295,"ozone",0.043192
-122.602877,45.496641,"ozone",0.032289
-94.13345,45.549839,"ozone",0.039582
-122.7721,45.768531,"ozone",0.02996
-119.262991,45.828968,"ozone",0.045576
-93.75945,46.2053,"ozone",0.036784
-85.950227,46.288877,"ozone",0.042475
-94.1303,46.39674,"ozone",0.038817
-84.364167,46.493611,"ozone",0.038436
-68.4135,46.6041,"ozone",0.033873
-68.033006,46.696431,"ozone",0.032372
-92.52377,46.70527,"ozone",0.035473
-92.08936,46.81826,"ozone",0.031913
-100.76821,46.825425,"ozone",0.042503
-114.021499,46.842181,"ozone",0.042019
-111.987164,46.8505,"ozone",0.040874
-95.846272,46.851811,"ozone",0.040921
-103.37853,46.8943,"ozone",0.045203
-96.85535,46.933754,"ozone",0.03855
-109.455315,47.048537,"ozone",0.040851
-101.428056,47.185833,"ozone",0.043258
-101.766944,47.298611,"ozone",0.042271
-102.5273,47.3132,"ozone",0.04024
-103.2995,47.5812,"ozone",0.043987
-104.485552,47.803392,"ozone",0.040088
-91.495574,47.948622,"ozone",0.036178
-103.63951,48.15278,"ozone",0.040674
-107.862471,48.317507,"ozone",0.03662
-92.830556,48.413333,"ozone",0.036648
-113.996536,48.510165,"ozone",0.037556
-102.4018,48.64193,"ozone",0.039986
-148.965726,63.725344,"ozone",0.032419
-147.727413,64.84569,"ozone",0.026943
-155.778136,19.117561,"pm25",10.7555823333333
-155.480183,19.2039,"pm25",5.26003733333333
-155.913417,19.509778,"pm25",12.5825146666667
-155.102028,19.555444,"pm25",3.05356033333333
-155.11053,19.717562,"pm25",6.847321
-155.798067,19.977467,"pm25",7.71339933333333
-156.446373,20.780997,"pm25",5.844444
-156.370344,20.902031,"pm25",6.904643
-157.871171,21.303382,"pm25",6.183662
-157.85542,21.30758,"pm25",5.294257
-158.088613,21.323745,"pm25",3.17944
-157.969126,21.392833,"pm25",5.509141
-159.36624,21.949599,"pm25",3.910674
-80.482778,25.471944,"pm25",5.613584
-80.215556,25.794222,"pm25",6.8172725
-80.326389,25.941944,"pm25",5.752066
-97.162206,26.06961,"pm25",10.404167
-80.237586,26.083143,"pm25",6.9968415
-98.29107,26.226226,"pm25",10.12619
-80.09647,26.292025,"pm25",6.679208
-80.092778,26.456944,"pm25",5.302542
-81.877908,26.602016,"pm25",5.6867405
-80.233889,26.730833,"pm25",5.0368895
-82.507222,27.290556,"pm25",5.397496
-82.739875,27.785866,"pm25",6.3567655
-97.43156,27.804493,"pm25",9.6310345
-97.465701,27.811814,"pm25",9.106897
-82.2304,27.96565,"pm25",6.690811
-82.78215,27.986283,"pm25",6.233945
-81.972222,28.028889,"pm25",6.384914
-80.628611,28.053611,"pm25",5.776667
-81.3625,28.596389,"pm25",5.821078
-81.310556,28.746111,"pm25",5.994973
-82.7,28.980556,"pm25",6.8470055
-81.0525,29.206667,"pm25",6.252137
-94.861289,29.254474,"pm25",8.434826
-98.311692,29.275381,"pm25",7.676271
-98.620166,29.51509,"pm25",8.22623
-95.128508,29.670025,"pm25",8.952448
-90.779967,29.678883,"pm25",7.147009
-82.387778,29.706111,"pm25",6.7880775
-95.257593,29.733726,"pm25",11.6255
-95.031232,29.770698,"pm25",9.595
-90.083333,29.883056,"pm25",7.838136
-95.326125,29.901037,"pm25",10.716949
-89.976263,29.94475,"pm25",7.787931
-90.275091,30.043573,"pm25",7.209226
-81.634167,30.135556,"pm25",6.269565
-93.214514,30.177143,"pm25",7.968908
-92.051389,30.2175,"pm25",7.875
-91.060556,30.217778,"pm25",8.786179
-91.316111,30.220556,"pm25",7.607692
-93.578333,30.227778,"pm25",7.3912
-97.712885,30.2632,"pm25",8.312245
-89.395916,30.300833,"pm25",7.916667
-81.547778,30.354722,"pm25",6.339307
-81.635396,30.356339,"pm25",7.144409
-88.53393,30.378287,"pm25",8.849
-89.049778,30.390369,"pm25",8.727273
-84.346389,30.439722,"pm25",8.046896
-91.17922,30.46198,"pm25",9.059328
-97.872301,30.483168,"pm25",7.317544
-87.881412,30.498001,"pm25",8.383784
-91.213556,30.500643,"pm25",8.817465
-90.376944,30.503056,"pm25",7.3456365
-87.20355,30.525367,"pm25",7.5922335
-88.087526,30.769941,"pm25",8.287179
-83.294444,30.848056,"pm25",8.45566
-81.495881,31.169735,"pm25",8.181657
-92.410611,31.177638,"pm25",7.269291
-85.390768,31.226359,"pm25",8.27
-89.287167,31.323639,"pm25",10.0775845
-110.936718,31.337204,"pm25",9.1294838
-109.539683,31.3492,"pm25",6.964258
-84.100194,31.576917,"pm25",10.0829285714286
-106.45522,31.765698,"pm25",10.22980925
-106.50126,31.768291,"pm25",8.698276
-81.161847,32.110759,"pm25",9.045614
-110.9823,32.29515,"pm25",5.918159
-106.767778,32.321944,"pm25",6.596296
-111.038389,32.322661,"pm25",5.233607
-90.182722,32.329111,"pm25",11.54717
-90.1412,32.385731,"pm25",9.73
-86.256367,32.40712,"pm25",9.15014
-84.9316,32.42905,"pm25",9.722414
-93.794999,32.471666,"pm25",11.1503475
-84.99911,32.476781,"pm25",9.7869825
-97.026922,32.482082,"pm25",8.817241
-84.980977,32.483543,"pm25",9.655
-92.046093,32.509713,"pm25",8.084483
-84.944795,32.521302,"pm25",9.808333
-83.597907,32.6056,"pm25",8.655932
-117.059075,32.631231,"pm25",9.490909
-94.167457,32.668987,"pm25",9.331148
-115.484144,32.676186,"pm25",13.4554025
-114.61444,32.690278,"pm25",6.721362
-117.149653,32.701492,"pm25",11.281254
-116.365203,32.725226,"pm25",1.94456666666667
-103.122917,32.726656,"pm25",7.77148333333333
-97.342334,32.759143,"pm25",10.506897
-96.797686,32.774262,"pm25",10.577273
-83.641096,32.777455,"pm25",9.844981
-79.958694,32.790984,"pm25",7.121846
-116.942092,32.791194,"pm25",11.943563
-115.56306,32.79222,"pm25",7.051639
-83.543521,32.805408,"pm25",8.168696
-97.356568,32.805818,"pm25",10.370339
-96.860082,32.819952,"pm25",10.5517673333333
-116.768225,32.842242,"pm25",7.937861
-117.123894,32.845467,"pm25",8.657174
-111.752222,32.877583,"pm25",8.0052185
-83.333775,32.881829,"pm25",9.853333
-82.80876,32.974881,"pm25",9.396364
-115.53917,32.97833,"pm25",7.237705
-80.06501,32.980254,"pm25",7.7718075
-111.97205,33.01053,"pm25",14.83571
-117.075325,33.127711,"pm25",12.4179166666667
-91.950377,33.136862,"pm25",9.118103
-87.484217,33.18935,"pm25",8.968696
-117.396158,33.217025,"pm25",8.491545
-92.669619,33.220274,"pm25",9.555833
-86.349438,33.279747,"pm25",9.172807
-85.802182,33.281261,"pm25",8.045763
-86.821104,33.312927,"pm25",8.989076
-87.003611,33.331111,"pm25",9.76604
-117.09023,33.362593,"pm25",7.984673
-112.07533,33.40316,"pm25",9.597443
-111.86507,33.41045,"pm25",5.681389
-111.93473,33.4124,"pm25",8.693906
-111.503222,33.421194,"pm25",5.506195
-94.070802,33.425758,"pm25",10.401754
-112.11814,33.4265,"pm25",10.579387
-82.022217,33.433349,"pm25",9.234234
-117.088649,33.447867,"pm25",10.878861
-112.14257,33.48385,"pm25",9.91305033333333
-111.855654,33.488242,"pm25",5.2304385
-86.924167,33.499722,"pm25",9.9043985
-112.095767,33.503833,"pm25",7.7777035
-86.549167,33.545278,"pm25",10.147879
-86.815,33.553056,"pm25",10.9762883333333
-112.06626,33.56033,"pm25",7.991989
-86.796389,33.565278,"pm25",11.503226
-112.19196,33.57454,"pm25",7.506044
-84.391028,33.609867,"pm25",9.72069
-117.67593,33.63003,"pm25",8.095726
-84.29048,33.68797,"pm25",10.3199616666667
-116.21537,33.70853,"pm25",8.330508
-81.853635,33.739963,"pm25",8.605217
-118.17533,33.79236,"pm25",11.89275325
-84.435576,33.80233,"pm25",10.41
-118.18921,33.82376,"pm25",12.2637666666667
-117.93845,33.83062,"pm25",12.934255
-89.792778,33.834444,"pm25",9.310891
-116.54101,33.85275,"pm25",6.531624
-97.275896,33.880812,"pm25",10.050216
-118.205,33.901389,"pm25",11.9336176666667
-83.344495,33.918067,"pm25",9.705941
-85.04534,33.9285,"pm25",8.541441
-116.83,33.945,"pm25",7.1392395
-117.40063,33.94603,"pm25",11.304274
-84.06901,33.96127,"pm25",8.893162
-81.024141,33.991509,"pm25",9.26662
-85.991072,33.993749,"pm25",9.230328
-117.493304,33.995638,"pm25",15.9826291428571
-117.41601,33.99958,"pm25",13.5407973333333
-118.06995,34.01194,"pm25",11.733333
-84.607407,34.015482,"pm25",9.651585
-117.69,34.037222,"pm25",11.886364
-81.15495,34.051017,"pm25",9.113445
-118.22688,34.06659,"pm25",16.2778192
-80.962304,34.093959,"pm25",8.561261
-117.49201,34.10002,"pm25",12.299174
-117.27411,34.10688,"pm25",11.413636
-118.1272,34.1326,"pm25",10.145313
-117.92391,34.1365,"pm25",10.540833
-118.31712,34.17605,"pm25",14.8187941666667
-118.53276,34.19925,"pm25",9.898305
-118.869444,34.208244,"pm25",8.9910825
-79.767347,34.214263,"pm25",8.584404
-119.142504,34.25324,"pm25",9.1684475
-85.32333,34.26054,"pm25",9.377358
-116.864444,34.264444,"pm25",9.767797
-118.684731,34.275736,"pm25",9.14222
-85.968298,34.287627,"pm25",8.991736
-83.81217,34.30008,"pm25",8.519444
-77.838611,34.364167,"pm25",8.2138325
-118.810003,34.402846,"pm25",7.228022
-119.691218,34.427775,"pm25",8.924348
-119.230277,34.446571,"pm25",8.467913
-93.000178,34.469441,"pm25",9.34843
-117.331433,34.510014,"pm25",6.8828375
-91.55896,34.518515,"pm25",9.446552
-86.976939,34.518735,"pm25",8.551639
-94.226234,34.583699,"pm25",10.002632
-112.331,34.595,"pm25",4.144828
-80.198787,34.615367,"pm25",7.576364
-98.42879,34.63298,"pm25",8.994488
-78.99028,34.645,"pm25",7.837607
-118.131456,34.671394,"pm25",5.848214
-92.328697,34.681343,"pm25",10.895614
-86.58637,34.68767,"pm25",8.64
-92.243587,34.729603,"pm25",10.552101
-82.256701,34.751848,"pm25",8.6626605
-92.281296,34.756189,"pm25",10.3038085
-87.650562,34.758781,"pm25",8.6175
-89.98783,34.82166,"pm25",9.343282
-82.414585,34.843895,"pm25",9.035484
-95.784375,34.90227,"pm25",9.7883555
-120.43763,34.949147,"pm25",7.568347
-77.960781,34.954823,"pm25",8.552108
-81.924797,34.955566,"pm25",8.842733
-85.30098,34.97889,"pm25",10.164211
-85.242872,34.994555,"pm25",9.27563
-106.65739,35.01708,"pm25",8.661337
-120.56388,35.02083,"pm25",9.735112
-120.584301,35.03331,"pm25",12.504444
-78.953112,35.041416,"pm25",8.743333
-118.147294,35.050551,"pm25",8.418098
-85.292975,35.050928,"pm25",8.941721
-106.578785,35.0631,"pm25",6.1727275
-87.469954,35.115968,"pm25",7.674312
-106.5852,35.1343,"pm25",5.93436
-80.866983,35.151283,"pm25",9.0259235
-89.850249,35.151699,"pm25",8.739344
-90.021537,35.168894,"pm25",9.3700605
-90.193141,35.197288,"pm25",9.991597
-111.652777,35.206111,"pm25",5.426667
-77.568792,35.231459,"pm25",7.391667
-85.181581,35.233476,"pm25",9.14918
-80.785683,35.2401,"pm25",8.699153
-81.153333,35.253056,"pm25",8.806897
-120.669861,35.256577,"pm25",6.804775
-79.836613,35.26249,"pm25",8.5830365
-80.88865,35.3041,"pm25",8.369167
-97.484099,35.320105,"pm25",9.535616
-118.999167,35.322928,"pm25",22.301695
-119.041209,35.356092,"pm25",19.607529
-77.993893,35.369214,"pm25",9.5877625
-94.524413,35.40814,"pm25",9.7125
-83.443697,35.435509,"pm25",7.73787
-84.596195,35.450115,"pm25",8.746296
-83.278056,35.466667,"pm25",7.745588
-97.52709,35.47292,"pm25",9.099174
-120.66804,35.49158,"pm25",7.578393
-82.97918,35.50575,"pm25",8.39569
-113.410782,35.540017,"pm25",3.665789
-80.395039,35.551868,"pm25",9.1676785
-78.461944,35.590833,"pm25",7.436522
-82.583333,35.6075,"pm25",8.167623
-97.475083,35.614131,"pm25",9.182925
-117.67296,35.62109,"pm25",5.52037
-91.189506,35.638169,"pm25",9.035088
-77.35805,35.63861,"pm25",7.220492
-87.0096,35.65188,"pm25",7.881897
-88.809578,35.653149,"pm25",8.578923
-105.953611,35.671111,"pm25",5.085217
-81.993889,35.6875,"pm25",8.765267
-78.6802,35.7288,"pm25",8.258475
-81.365556,35.728889,"pm25",9.2375
-84.317057,35.744539,"pm25",9.05
-94.669697,35.750735,"pm25",11.09916
-79.159722,35.757222,"pm25",7.175439
-83.942152,35.768847,"pm25",8.617593
-115.357048,35.785671,"pm25",5.4575775
-76.89782,35.81069,"pm25",8.1096845
-80.2625,35.814444,"pm25",9.268852
-78.574167,35.856111,"pm25",9.522886
-84.51713,35.889824,"pm25",11.546
-84.524061,35.902566,"pm25",10.132386
-84.49709,35.907121,"pm25",9.858263
-82.073333,35.915278,"pm25",8.210169
-84.503624,35.916761,"pm25",11.269143
-84.51657,35.9255,"pm25",10.359943
-77.75007,35.93355,"pm25",7.838655
-84.542802,35.939078,"pm25",8.566055
-84.03598,35.944601,"pm25",9.2696245
-96.004975,35.953708,"pm25",8.973298
-83.950666,35.978074,"pm25",10.239172
-83.932814,35.980421,"pm25",10.098246
-83.87381,36.019186,"pm25",9.181525
-80.342,36.026,"pm25",8.329825
-78.905417,36.032944,"pm25",7.752066
-89.382126,36.038924,"pm25",8.935088
-115.052881,36.04874,"pm25",6.821111
-80.00705,36.06866,"pm25",8.43719
-79.407821,36.089004,"pm25",8.545161
-79.810456,36.100711,"pm25",8.696667
-119.566954,36.10218,"pm25",17.782143
-80.226667,36.110556,"pm25",8.304638
-86.873547,36.118251,"pm25",9.380791
-115.078725,36.141895,"pm25",7.93987033333333
-115.113916,36.163959,"pm25",10.250587
-86.738902,36.176326,"pm25",9.636228
-94.116827,36.1797,"pm25",9.276271
-85.492107,36.185702,"pm25",8.291597
-115.12293,36.19126,"pm25",9.38997533333333
-95.976537,36.204902,"pm25",9.38188966666667
-121.126371,36.209286,"pm25",6.662534
-81.65548,36.214586,"pm25",6.98441966666667
-86.653137,36.29756,"pm25",9.0086995
-79.467417,36.307033,"pm25",9.106218
-119.64457,36.314399,"pm25",18.058824
-119.291228,36.332179,"pm25",18.398291
-115.362234,36.357786,"pm25",3.699228
-117.871036,36.487823,"pm25",8.39377833333333
-121.731571,36.495767,"pm25",6.179609
-87.328047,36.514712,"pm25",9.0317
-82.521565,36.538762,"pm25",8.510526
-83.73694,36.60843,"pm25",9.046667
-120.382331,36.634225,"pm25",8.345833
-121.637182,36.69676,"pm25",6.050586
-97.081321,36.697274,"pm25",9.053161
-119.733,36.72639,"pm25",17.660674
-108.165034,36.774162,"pm25",5.1182205
-119.774174,36.785322,"pm25",21.017231
-119.717356,36.819111,"pm25",16.416292
-121.362121,36.844096,"pm25",5.973746
-87.323337,36.91171,"pm25",9.70177
-97.345,36.939969,"pm25",10.815488
-120.034203,36.953256,"pm25",17.8841136666667
-121.989328,36.983921,"pm25",6.688102
-121.574684,36.999571,"pm25",8.679213
-122.075695,37.048008,"pm25",10.894017
-86.21487,37.04926,"pm25",9.4417575
-88.57251,37.05822,"pm25",10.497872
-88.63774,37.06636,"pm25",9.673913
-84.61152,37.09798,"pm25",8.757143
-107.870219,37.10258,"pm25",3.7053835
-107.62863,37.13678,"pm25",4.5545985
-113.1506,37.1983,"pm25",5.093939
-93.284874,37.199541,"pm25",8.244789
-119.699065,37.2136,"pm25",10.040974
-120.434992,37.281598,"pm25",13.2279753333333
-83.20932,37.28329,"pm25",5.91
-120.480993,37.308537,"pm25",16.198795
-121.894898,37.348497,"pm25",11.5467785
-108.592334,37.350054,"pm25",6.113333
-97.366399,37.47689,"pm25",8.0825
-82.53532,37.4826,"pm25",7.872575
-122.20337,37.482934,"pm25",10.6721696666667
-120.837005,37.487981,"pm25",14.882267
-120.994622,37.641583,"pm25",13.966229
-97.362212,37.651114,"pm25",9.504959
-97.297714,37.659334,"pm25",9.52
-121.443417,37.682594,"pm25",11.556022
-121.784217,37.687526,"pm25",8.601449
-94.035,37.69,"pm25",8.531579
-97.314847,37.702066,"pm25",8.2616035
-85.852629,37.705612,"pm25",10.170337
-84.284952,37.738458,"pm25",8.194737
-122.169935,37.743065,"pm25",10.354167
-97.316912,37.747085,"pm25",8.715
-122.399044,37.765946,"pm25",10.073654
-87.075307,37.780776,"pm25",10.178512
-122.282347,37.814781,"pm25",12.771176
-87.46375,37.8712,"pm25",10.619266
-122.026154,37.936013,"pm25",7.588796
-121.268523,37.950741,"pm25",16.79613975
-122.356811,37.9604,"pm25",12.008889
-122.520004,37.97231,"pm25",10.822535
-87.532289,37.974436,"pm25",10.55
-87.55802,37.974465,"pm25",10.689916
-87.577856,38.013248,"pm25",10.669664
-85.89804,38.06091,"pm25",11.222562
-84.49761,38.06503,"pm25",9.335897
-88.624943,38.082155,"pm25",9.096739
-122.237976,38.102507,"pm25",10.7160885
-94.731988,38.135882,"pm25",8.270085
-86.983214,38.167523,"pm25",10.20339
-89.788459,38.176278,"pm25",9.083937
-85.77935,38.19113,"pm25",10.185455
-120.681567,38.201852,"pm25",9.176791
-85.65452,38.22876,"pm25",10.364311
-85.81566,38.23319,"pm25",10.559835
-82.9881,38.23887,"pm25",7.49115
-104.597613,38.276099,"pm25",6.507627
-85.740153,38.277675,"pm25",11.432764
-85.834167,38.308056,"pm25",10.0070493333333
-122.296189,38.310942,"pm25",11.717847
-86.92916,38.391443,"pm25",10.912931
-85.664167,38.393833,"pm25",9.504132
-122.710169,38.443503,"pm25",8.438218
-90.39854,38.448633,"pm25",9.788344
-82.64041,38.45934,"pm25",9.116102
-82.659301,38.508114,"pm25",9.126891
-90.263711,38.542551,"pm25",10.776081
-121.458499,38.556326,"pm25",9.16782866666667
-121.492981,38.558228,"pm25",10.111765
-76.140449,38.587635,"pm25",7.194135
-90.160477,38.612034,"pm25",10.382692
-121.368014,38.613779,"pm25",11.3639551666667
-90.281144,38.631057,"pm25",9.627457
-75.612688,38.644476,"pm25",8.3277865
-90.350463,38.650259,"pm25",11.331129
-90.189868,38.656479,"pm25",11.310756
-90.198646,38.656498,"pm25",10.567475
-121.73269,38.66121,"pm25",7.191228
-121.164457,38.683304,"pm25",7.754545
-90.144763,38.700632,"pm25",11.9457635
-90.139675,38.704534,"pm25",10.9428425
-121.266312,38.745726,"pm25",7.431034
-82.917,38.754595,"pm25",9.15951
-94.57997,38.75976,"pm25",9.151553
-76.74417,38.81194,"pm25",7.747
-94.746424,38.838575,"pm25",7.238614
-104.828564,38.848014,"pm25",6.010656
-90.105851,38.860669,"pm25",10.908547
-77.0325,38.880833,"pm25",8.261905
-76.952778,38.897222,"pm25",9.295775
-119.732507,38.897557,"pm25",14.3033453333333
-90.143168,38.903085,"pm25",9.854167
-77.013178,38.921847,"pm25",9.90016566666667
-121.09959,38.93568,"pm25",6.03575933333333
-94.687013,38.974457,"pm25",7.94661
-75.555185,38.984749,"pm25",8.0086655
-86.99012,38.985578,"pm25",9.758678
-122.281803,39.021221,"pm25",7.391291
-84.47445,39.021881,"pm25",9.530769
-95.711275,39.024265,"pm25",8.433058
-122.92229,39.0327,"pm25",3.932787
-94.694816,39.046314,"pm25",6.95
-94.450513,39.047911,"pm25",7.521714
-76.878333,39.055277,"pm25",8.500195
-108.561173,39.063798,"pm25",8.930159
-94.570796,39.104758,"pm25",10.039356
-84.55117,39.10492,"pm25",11.491304
-90.32408,39.110539,"pm25",9.111458
-77.106944,39.114444,"pm25",8.081792
-94.635605,39.117219,"pm25",8.8218045
-84.50404,39.12886,"pm25",10.56273
-121.618549,39.138773,"pm25",8.20254
-119.7661,39.1447,"pm25",9.81347533333333
-123.20655,39.15047,"pm25",7.554118
-75.518056,39.155,"pm25",8.036975
-86.504762,39.159383,"pm25",8.7343255
-76.627933,39.169533,"pm25",9.127586
-84.47898,39.19433,"pm25",11.6928995
-122.017728,39.202935,"pm25",7.048148
-84.69086,39.21494,"pm25",10.526667
-121.056591,39.234331,"pm25",5.822807
-84.36612,39.2787,"pm25",10.088235
-76.546861,39.28777,"pm25",9.436842
-76.604722,39.298056,"pm25",10.243827
-94.376623,39.30309,"pm25",8.808564
-75.7972,39.3052,"pm25",8.889752
-76.474444,39.310833,"pm25",9.423009
-104.745221,39.332928,"pm25",5.333333
-84.5666,39.33839,"pm25",10.705085
-120.171291,39.338504,"pm25",8.0106585
-76.68538,39.34465,"pm25",8.568966
-74.431004,39.36326,"pm25",8.553153
-76.296667,39.41,"pm25",9.64564
-123.35264,39.41174,"pm25",10.661963
-81.908827,39.442165,"pm25",8.045614
-76.631261,39.462024,"pm25",8.489886
-74.448736,39.464872,"pm25",7.255462
-84.394952,39.472436,"pm25",13.218487
-84.407675,39.478849,"pm25",11.036364
-87.401398,39.48615,"pm25",10.3671944
-84.3543,39.4938,"pm25",11.114167
-119.807717,39.525083,"pm25",9.41617711111111
-119.784982,39.532004,"pm25",10.8606473333333
-105.070358,39.534488,"pm25",5.609917
-119.746761,39.540917,"pm25",11.7473556666667
-75.730833,39.551111,"pm25",7.775701
-77.721639,39.565582,"pm25",9.24188
-75.610738,39.577797,"pm25",8.564019
-105.019526,39.604399,"pm25",6.809917
-75.761299,39.691962,"pm25",9.246364
-75.86,39.701111,"pm25",9.929942
-79.012,39.70595,"pm25",8.408949
-75.558056,39.739444,"pm25",10.1080485
-94.858584,39.741694,"pm25",10.775312
-86.166464,39.744993,"pm25",11.655
-104.987625,39.751184,"pm25",8.26518933333333
-86.115415,39.758855,"pm25",10.965517
-84.187678,39.760659,"pm25",10.5346605
-75.491944,39.761111,"pm25",8.67193
-121.84162,39.761538,"pm25",10.15375
-86.12202,39.774979,"pm25",10.908696
-105.00518,39.77949,"pm25",7.315574
-86.214628,39.788903,"pm25",13.8469136
-120.471667,39.808333,"pm25",9.665957
-83.88705,39.80834,"pm25",9.8178465
-86.114469,39.811097,"pm25",11.62587225
-120.47069,39.81336,"pm25",14.5805433333333
-104.937438,39.826007,"pm25",8.3299415
-75.284723,39.830806,"pm25",9.143333
-89.644164,39.831921,"pm25",9.8065035
-75.768242,39.834461,"pm25",10.354658
-75.3725,39.835556,"pm25",11.139881
-84.72049,39.83562,"pm25",9.647899
-88.925594,39.866834,"pm25",9.732203
-109.097302,39.868622,"pm25",4.6397815
-77.30968,39.92002,"pm25",10.413569
-75.186921,39.922867,"pm25",11.436633
-82.98104,39.92845,"pm25",10.354487
-83.80949,39.92882,"pm25",10.086607
-75.125291,39.934446,"pm25",10.480357
-120.938821,39.937099,"pm25",9.542718
-75.165206,39.944651,"pm25",10.242846
-75.142224,39.960061,"pm25",10.415302
-76.699444,39.965278,"pm25",9.66614666666667
-75.050008,39.989036,"pm25",8.946087
-75.080833,39.991389,"pm25",10.7323345
-74.170447,39.994908,"pm25",8.089266
-82.99344,39.99875,"pm25",10.072269
-75.09778,40.008889,"pm25",9.172646
-85.523455,40.009525,"pm25",9.418333
-105.263382,40.021097,"pm25",6.019008
-75.002405,40.035985,"pm25",9.5258745
-76.283333,40.046667,"pm25",11.1629293333333
-88.372549,40.052242,"pm25",9.691525
-82.81552,40.0845,"pm25",9.838187
-108.761389,40.086944,"pm25",9.103652
-82.959773,40.0877,"pm25",9.818182
-74.882222,40.107222,"pm25",11.1046075
-75.309167,40.112222,"pm25",9.161493
-88.240553,40.123886,"pm25",9.898958
-85.652184,40.125703,"pm25",10.0961205
-111.660502,40.136336,"pm25",11.161538
-79.902222,40.146667,"pm25",10.617919
-105.100856,40.164576,"pm25",7.04918
-122.227138,40.1678,"pm25",4.659357
-80.261389,40.170556,"pm25",10.080011
-85.387999,40.201141,"pm25",9.752101
-104.82405,40.209387,"pm25",7.153043
-74.763167,40.222411,"pm25",9.069602
-77.18675,40.246528,"pm25",11.2502685
-76.846988,40.246992,"pm25",12.5211035
-111.663056,40.253611,"pm25",11.564756
-80.243995,40.268963,"pm25",8.507508
-79.885331,40.294341,"pm25",9.337931
-79.505667,40.304694,"pm25",10.715594
-78.915,40.309722,"pm25",11.926087
-74.87266,40.31239,"pm25",8.319643
-80.607945,40.319511,"pm25",7.62
-80.6063,40.32207,"pm25",11.4703125
-79.868062,40.323768,"pm25",11.753967
-76.383447,40.337328,"pm25",11.234211
-111.713611,40.341389,"pm25",12.197846
-80.61558,40.36644,"pm25",10.340555
-80.169943,40.375644,"pm25",8.871429
-75.9686,40.38335,"pm25",11.6326925
-91.391012,40.400959,"pm25",10.725455
-79.860973,40.402328,"pm25",11.162162
-104.70693,40.414877,"pm25",7.196667
-86.8525,40.431639,"pm25",11.224596
-80.420833,40.445278,"pm25",9.5372205
-79.960757,40.46542,"pm25",9.608511
-74.422403,40.472825,"pm25",7.988596
-80.071337,40.499767,"pm25",10.222321
-88.996896,40.518735,"pm25",9.187255
-78.370833,40.535278,"pm25",12.221098
-112.299618,40.543309,"pm25",7.224771
-122.380258,40.549577,"pm25",5.982143
-105.079693,40.571288,"pm25",6.8
-74.276174,40.603943,"pm25",9.116949
-80.021669,40.606624,"pm25",8.684211
-79.727664,40.617488,"pm25",9.623077
-75.341111,40.628056,"pm25",11.5512875
-74.13719,40.63307,"pm25",7.705769
-74.208365,40.64144,"pm25",10.7048106666667
-75.404397,40.645889,"pm25",9.902006
-74.213889,40.673406,"pm25",9.083621
-92.006318,40.695078,"pm25",8.1425
-89.584737,40.697007,"pm25",9.435609
-75.180525,40.699207,"pm25",8.476724
-112.094722,40.708611,"pm25",9.366379
-73.99518,40.71436,"pm25",9.559615
-124.20139,40.71528,"pm25",6.0495675
-73.94771,40.71961,"pm25",9.215789
-74.192892,40.720989,"pm25",8.715254
-74.05229,40.725454,"pm25",9.7048535
-73.98446,40.73,"pm25",11.225664
-73.82153,40.73614,"pm25",8.336637
-111.872222,40.736389,"pm25",11.947006
-73.41919,40.74529,"pm25",7.566667
-80.316442,40.747796,"pm25",9.9638675
-84.0539,40.770944,"pm25",10.1
-74.031718,40.772793,"pm25",10.469231
-124.1775,40.776944,"pm25",10.66087
-111.931,40.78422,"pm25",11.30078775
-81.394186,40.786878,"pm25",12.0017255
-74.676301,40.787628,"pm25",6.99569
-73.93432,40.7997,"pm25",8.641402
-81.373008,40.800729,"pm25",10.663559
-74.483433,40.801211,"pm25",8.465574
-124.1621,40.80178,"pm25",7.397701
-77.877028,40.811389,"pm25",8.696218
-96.68302,40.81259,"pm25",8.001346
-79.56475,40.814183,"pm25",10.812865
-73.902,40.81618,"pm25",8.959836
-73.973314,40.852256,"pm25",8.7975
-73.87809,40.8679,"pm25",9.136667
-111.884467,40.902967,"pm25",9.754867
-74.168092,40.918381,"pm25",8.818852
-75.067815,40.92458,"pm25",7.893694
-98.364967,40.942099,"pm25",7.622807
-95.044951,40.969112,"pm25",8.233051
-81.9239,41.0604,"pm25",9.170874
-81.468956,41.063526,"pm25",10.6542875
-75.32328,41.08306,"pm25",9.423977
-81.541611,41.087956,"pm25",9.908403
-85.101816,41.094965,"pm25",9.7429808
-80.658516,41.095938,"pm25",9.652294
-80.645062,41.111126,"pm25",10.7375
-73.336667,41.118333,"pm25",7.711475
-95.956103,41.133294,"pm25",10.982026
-81.2352,41.1644,"pm25",9.09011
-85.629292,41.169646,"pm25",10.2532015
-73.194722,41.170833,"pm25",8.651667
-96.056686,41.197847,"pm25",8.616216
-111.975524,41.206321,"pm25",10.7599146666667
-80.484779,41.215014,"pm25",10.5717125
-88.190967,41.221537,"pm25",9.450602
-80.801914,41.231167,"pm25",9.748696
-95.973142,41.247486,"pm25",9.030547
-95.896124,41.264171,"pm25",9.6838095
-72.902871,41.3014,"pm25",8.839599
-111.987871,41.303614,"pm25",10.630769
-72.916944,41.310833,"pm25",8.552066
-81.818667,41.39629,"pm25",9.070435
-73.443056,41.399167,"pm25",7.84918
-91.067957,41.400968,"pm25",10.651879
-91.0616,41.4069,"pm25",11.133051
-91.062605,41.414388,"pm25",10.133058
-91.070975,41.419429,"pm25",9.930508
-75.623056,41.442778,"pm25",9.138323
-81.662419,41.446682,"pm25",11.373109
-82.114261,41.463071,"pm25",8.96672
-81.656792,41.471782,"pm25",11.222321
-81.682383,41.477011,"pm25",12.3127155
-81.678449,41.492117,"pm25",12.077686
-112.018863,41.492707,"pm25",9.958929
-71.423705,41.49511,"pm25",5.163663
-74.00885,41.49916,"pm25",7.077876
-90.624044,41.512077,"pm25",10.418333
-90.51735,41.514727,"pm25",9.492222
-90.618755,41.517772,"pm25",10.010671
-72.076667,41.524167,"pm25",7.51
-88.116474,41.526885,"pm25",10.105
-90.587611,41.530011,"pm25",9.7695625
-90.600115,41.550005,"pm25",9.832759
-73.043611,41.550556,"pm25",8.404959
-96.146175,41.551211,"pm25",8.24569
-81.575256,41.55523,"pm25",9.504464
-87.405905,41.573239,"pm25",12.221311
-87.474486,41.585496,"pm25",11.17452425
-87.342991,41.598505,"pm25",11.204473
-93.643118,41.603159,"pm25",8.968343
-93.7479,41.603517,"pm25",8.906723
-87.304729,41.60668,"pm25",11.4746155
-71.72,41.615237,"pm25",5.9182965
-87.199248,41.617558,"pm25",10.0709743333333
-83.64225,41.620633,"pm25",9.579661
-87.440843,41.636127,"pm25",10.371429
-83.54625,41.644067,"pm25",9.886572
-85.968372,41.656905,"pm25",12.14709525
-91.503478,41.657232,"pm25",9.040979
-87.696467,41.662109,"pm25",10.955172
-83.478333,41.662567,"pm25",9.499174
-87.732457,41.670992,"pm25",10.113636
-71.169235,41.685707,"pm25",6.837931
-87.539315,41.687165,"pm25",11.0826005
-86.214683,41.696692,"pm25",11.4775192
-86.891216,41.707212,"pm25",9.284615
-81.242156,41.726811,"pm25",9.063823
-122.633579,41.726892,"pm25",7.931579
-111.8375,41.731111,"pm25",11.8713795
-72.634444,41.7425,"pm25",8.065289
-87.713488,41.7514,"pm25",9.901389
-83.471944,41.763889,"pm25",9.031746
-88.152534,41.771071,"pm25",10.281
-87.805377,41.782766,"pm25",11.0463675
-88.329374,41.784717,"pm25",9.645098
-72.631667,41.784722,"pm25",7.66482
-87.831945,41.801167,"pm25",11.446872
-71.415105,41.807776,"pm25",7.815996
-73.297257,41.821342,"pm25",5.197458
-90.211982,41.823283,"pm25",10.685387
-71.36077,41.841573,"pm25",7.640783
-87.748902,41.864426,"pm25",10.418919
-71.379971,41.874668,"pm25",8.442105
-90.177574,41.874999,"pm25",9.466568
-103.656561,41.876853,"pm25",5.079775
-87.722723,41.912862,"pm25",10.973333
-83.34573,41.923582,"pm25",8.594118
-87.876265,41.965193,"pm25",11.0452325
-87.749928,41.965485,"pm25",11.368248
-91.68766,41.97677,"pm25",9.6713415
-83.946559,41.995568,"pm25",7.938333
-111.809167,42.013333,"pm25",10.2792835
-88.280015,42.050403,"pm25",9.268687
-87.863225,42.060285,"pm25",9.886441
-71.012129,42.065106,"pm25",6.33
-71.014739,42.081936,"pm25",6.614575
-77.20978,42.09142,"pm25",5.78
-72.597133,42.105792,"pm25",7.564407
-72.590803,42.108992,"pm25",7.930328
-87.799227,42.139996,"pm25",8.910468
-80.038611,42.14175,"pm25",12.215759
-83.153905,42.187289,"pm25",8.037168
-120.353969,42.189215,"pm25",14.667769
-121.731369,42.190296,"pm25",12.2254696666667
-72.555112,42.19438,"pm25",6.829113
-86.309694,42.19779,"pm25",7.963333
-88.242207,42.221442,"pm25",9.775
-83.2082,42.22862,"pm25",9.491667
-83.599602,42.240565,"pm25",8.9159115
-71.798375,42.260102,"pm25",6.676364
-89.092767,42.263081,"pm25",9.306154
-71.794322,42.263955,"pm25",7.196694
-85.54189,42.278067,"pm25",8.4609635
-79.58961,42.29071,"pm25",4.4875
-83.10653,42.302786,"pm25",10.108264
-83.148754,42.306674,"pm25",10.8888455
-122.87923,42.31411,"pm25",13.7347431666667
-83.068473,42.323341,"pm25",10.0741045
-71.056061,42.325186,"pm25",7.822581
-71.0826,42.3295,"pm25",7.345763
-83.109563,42.335008,"pm25",10.154545
-71.097163,42.348873,"pm25",7.95812
-83.096033,42.357808,"pm25",8.863717
-71.0543,42.3631,"pm25",8.7236555
-71.061741,42.372122,"pm25",7.773684
-83.426263,42.423063,"pm25",8.63913
-83.000138,42.43084,"pm25",8.668103
-123.348466,42.434139,"pm25",11.625492
-73.254108,42.448009,"pm25",7.418182
-83.183199,42.463063,"pm25",8.385833
-70.970816,42.474642,"pm25",6.206723
-79.31881,42.49963,"pm25",7.422078
-92.316017,42.501543,"pm25",9.238525
-96.40021,42.522355,"pm25",9.23
-91.538493,42.600834,"pm25",8.943966
-73.75464,42.64225,"pm25",6.98125
-73.75733,42.68075,"pm25",6.427184
-71.164413,42.698215,"pm25",6.72541
-82.793463,42.731394,"pm25",7.947541
-84.534633,42.738618,"pm25",7.60531
-96.707208,42.751518,"pm25",8.842778
-71.444583,42.762056,"pm25",7.464407
-86.148577,42.767786,"pm25",7.815966
-71.10229,42.770837,"pm25",6.304274
-96.747325,42.850975,"pm25",10.452198
-71.878389,42.86175,"pm25",5.1298285
-71.380172,42.862536,"pm25",7.24156533333333
-78.809526,42.876907,"pm25",8.07069
-73.24984,42.88759,"pm25",5.996581
-85.852734,42.894451,"pm25",8.086667
-72.272389,42.930472,"pm25",8.1361665
-82.456229,42.953336,"pm25",8.440164
-85.679117,42.956117,"pm25",8.982645
-112.455,42.978333,"pm25",7.2235965
-85.671339,42.984173,"pm25",8.5866825
-78.77153,42.99328,"pm25",7.332353
-83.670159,43.047224,"pm25",7.480172
-76.05921,43.05235,"pm25",6.401754
-70.748,43.075333,"pm25",7.19688866666667
-79.00106,43.08218,"pm25",8.204348
-94.693518,43.123704,"pm25",8.009244
-71.458306,43.13244,"pm25",7.36374833333333
-77.54817,43.14618,"pm25",7.195726
-86.23858,43.233061,"pm25",8.459091
-96.726435,43.544289,"pm25",8.587395
-96.700769,43.54792,"pm25",8.8028115
-103.4839,43.5578,"pm25",3.045125
-71.496361,43.566111,"pm25",5.23
-83.890721,43.571391,"pm25",7.490351
-116.562676,43.58031,"pm25",12.812046
-119.04872,43.58925,"pm25",9.810924
-116.347853,43.600699,"pm25",12.6456374
-72.982778,43.608056,"pm25",7.846253
-72.309583,43.629611,"pm25",6.303414
-70.268965,43.660246,"pm25",8.12797166666667
-70.256178,43.677994,"pm25",8.338462
-122.480487,43.744352,"pm25",9.691667
-101.941218,43.74561,"pm25",5.382319
-123.053487,43.799501,"pm25",7.608333
-92.450366,43.996908,"pm25",8.0466925
-123.083737,44.026312,"pm25",7.867015
-123.017704,44.046696,"pm25",6.391803
-123.141352,44.067224,"pm25",8.278689
-103.22824,44.078352,"pm25",6.09322
-103.273777,44.087397,"pm25",7.868182
-70.214219,44.089406,"pm25",7.796937
-120.844773,44.299787,"pm25",10.993443
-86.242649,44.307,"pm25",6.416514
-96.80071,44.310283,"pm25",8.217355
-84.891865,44.310555,"pm25",5.476033
-69.786717,44.312319,"pm25",6.9638385
-68.2609,44.37705,"pm25",5.2857145
-73.8589,44.39308,"pm25",4.344068
-95.81789,44.4438,"pm25",7.338418
-73.2106,44.4762,"pm25",6.512644
-73.214444,44.480278,"pm25",6.173097
-72.86884,44.52839,"pm25",4.654808
-70.546319,44.551419,"pm25",8.25942
-93.23725,44.73846,"pm25",7.882046
-93.512534,44.791437,"pm25",8.596694
-68.769675,44.79886,"pm25",6.068874
-97.128802,44.89965,"pm25",9.698235
-93.34315,44.94805,"pm25",8.922314
-93.09827,44.95072,"pm25",10.2
-93.25821,44.95366,"pm25",7.7166
-93.03587,44.95939,"pm25",7.773556
-93.254759,44.965242,"pm25",7.521348
-93.276699,45.012102,"pm25",6.945352
-92.77525,45.02124,"pm25",8.15571
-92.78336,45.02862,"pm25",8.430571
-93.207615,45.13768,"pm25",7.745513
-113.890285,45.181897,"pm25",11.85016
-93.66921,45.20916,"pm25",7.381638
-106.48982,45.366151,"pm25",3.90230133333333
-105.370283,45.440295,"pm25",5.00891566666667
-98.486111,45.4625,"pm25",7.321488
-122.602877,45.496641,"pm25",8.6375
-122.972398,45.528501,"pm25",9.269748
-94.13345,45.549839,"pm25",6.461383
-118.823033,45.652231,"pm25",8.291379
-112.501247,46.002602,"pm25",9.82746916666667
-114.158889,46.243621,"pm25",9.003639
-94.1303,46.39674,"pm25",3.99916
-84.364167,46.493611,"pm25",6.16794466666667
-112.013089,46.658762,"pm25",7.243064
-68.016195,46.682299,"pm25",5.677143
-68.038929,46.69838,"pm25",4.604
-92.165998,46.743657,"pm25",6.1829725
-92.08936,46.81826,"pm25",5.667639
-100.76821,46.825425,"pm25",6.249232
-114.021499,46.842181,"pm25",8.190782
-111.987164,46.8505,"pm25",3.95429916666667
-95.846272,46.851811,"pm25",6.12226
-103.37853,46.8943,"pm25",4.64918
-96.85535,46.933754,"pm25",6.7993125
-114.224273,47.012907,"pm25",9.55634233333333
-109.455315,47.048537,"pm25",3.60086266666667
-101.428056,47.185833,"pm25",4.973611
-101.766944,47.298611,"pm25",6.13762
-102.5273,47.3132,"pm25",4.365429
-116.57028,47.316667,"pm25",12.033333
-68.321106,47.355332,"pm25",7.554128
-92.536305,47.523355,"pm25",7.697093
-116.236667,47.536389,"pm25",13.126839
-103.2995,47.5812,"pm25",3.599722
-104.485552,47.803392,"pm25",7.03051066666667
-91.495574,47.948622,"pm25",4.497846
-103.63951,48.15278,"pm25",9.604457
-107.862471,48.317507,"pm25",3.55340233333333
-114.189272,48.363694,"pm25",8.389696
-115.553309,48.391545,"pm25",10.8432376666667
-102.4018,48.64193,"pm25",5.724581
-134.567237,58.388497,"pm25",5.966472
-151.0693,60.489167,"pm25",1.366857
-149.824602,61.205861,"pm25",4.887977
-149.569707,61.3267,"pm25",5.038663
-149.031655,61.534163,"pm25",5.932416
-149.455255,61.598796,"pm25",4.043768
-149.10622,61.598898,"pm25",3.140073
-147.347208,64.752336,"pm25",17.6
-147.310297,64.762973,"pm25",28.853061
-147.722461,64.840672,"pm25",12.05862125
-147.727413,64.84569,"pm25",10.448042
